gene_a,gene_b,lower,upper,sign,n_guide_pairs,rho
AARD,ZNF572,0.06545397136413425,0.22311269916354723,POSITIVE,2,0.05
ADCY8,AGO2,0.24118753089696376,0.47319041369462345,POSITIVE,2,0.05
ANXA13,TRMT12,0.41468812620399464,0.6204669879206208,POSITIVE,2,0.05
ASAP1,ZHX2,0.030256283871654632,0.33161644352600006,POSITIVE,2,0.05
ATAD2,ZHX1,0.526468377891937,1.4061562488399253,POSITIVE,2,0.05
BCL2L1,MCL1,-0.6107167436844808,-0.9821387593445933,NEGATIVE,16,0.05
BRAF,EGFR,0.45859390193318805,-0.5832114615092718,POSITIVE,16,0.05
BRAF,ERBB2,0.1294221245899494,-0.417944201931633,POSITIVE,16,0.05
BRAF,RBM14,1.523728675610839,1.0703909685846957,POSITIVE,8,0.05
C8orf76,ZFAT,-0.18489282313603098,-0.043944326729017144,NEGATIVE,2,0.05
CHRAC1,WDYHV1,0.2734681932988483,0.6289381688671735,POSITIVE,2,0.05
COL14A1,WASHC5,-0.1448115272256706,0.5401765605957005,UNRESOLVED,2,0.05
COL22A1,UTP23,0.11668546294833071,1.0168568982879072,POSITIVE,2,0.05
COLEC10,TRIB1,0.39755851919358515,0.7525470236057925,POSITIVE,2,0.05
DENND3,TATDN1,0.44597542022169295,0.8711411634429678,POSITIVE,2,0.05
DEPTOR,TRAPPC9,0.2806040988299621,0.5187862657638309,POSITIVE,2,0.05
DERL1,TNFRSF11B,0.13221370238726265,0.5339753252720749,POSITIVE,2,0.05
DSCC1,TMEM71,-0.01712420076608978,0.2930636361405205,UNRESOLVED,2,0.05
EFR3A,TMEM65,0.19125859633501527,0.429650515927287,POSITIVE,2,0.05
EIF3H,TG,0.17814813189187995,0.5044242645236774,POSITIVE,2,0.05
ENPP2,TAF2,0.029687073977285733,0.3112782893458077,POSITIVE,2,0.05
EXT1,TBC1D31,-0.247675578005071,0.16801644717164826,UNRESOLVED,2,0.05
FAM135B,PTP4A3,-0.3098242065364519,0.055890997738730686,UNRESOLVED,2,0.05
FAM83A,SQLE,0.05520872160590955,0.21336697509833907,POSITIVE,2,0.05
FAM91A1,NDUFB9,-0.20592765964643434,0.2538375824645358,UNRESOLVED,2,0.05
FBXO32,SNTB1,-0.27553828218155824,0.10500896410087446,UNRESOLVED,2,0.05
FER1L6,SLC45A4,-0.059556651199274446,0.19119440356095269,UNRESOLVED,2,0.05
GPR20,SLC30A8,0.730734357092371,0.8922220479852297,POSITIVE,2,0.05
GSDMC,SLA,-0.45117291964136175,0.0455108728741167,UNRESOLVED,2,0.05
HAS2,SAMD12,-0.12968195567893565,-0.022714523429733513,NEGATIVE,2,0.05
HHLA1,RNF139,0.03546856613128291,0.6694466850847102,POSITIVE,2,0.05
KCNK9,RAD21,-0.23503447433020624,0.11236903026934913,UNRESOLVED,2,0.05
KCNQ3,PTK2,-0.05455425394997648,0.4394618722729372,UNRESOLVED,2,0.05
KHDRBS3,ST3GAL1,0.13266170327038623,0.5038755544977899,POSITIVE,2,0.05
KLHL38,POU5F1B,0.11790410770937043,0.691264690841893,POSITIVE,2,0.05
LRRC6,PHF20L1,-0.26892319621743244,0.18723250255663515,UNRESOLVED,2,0.05
MAL2,OC90,0.05416138525562303,0.23567230508642278,POSITIVE,2,0.05
MAP2K1,MAP2K2,0.5684260201848788,-0.8001986338448546,POSITIVE,16,0.05
MED30,NSMCE2,0.5762957554131161,1.2475864960346632,POSITIVE,2,0.05
MRPL13,NDRG1,-0.5158828348651,-0.39623467678681235,NEGATIVE,2,0.05
MTBP,MYC,0.9141421976980548,1.382096595302158,POSITIVE,2,0.05
MTSS1,MTSS1,0.552424903783642,0.7720611164187696,POSITIVE,1,0.05
PRMT1,PRMT5,1.6683465059480533,1.7129337736442256,POSITIVE,16,0.05
SIRPB1,TRPS1,-0.04163424810844099,0.14327368349013997,UNRESOLVED,2,0.05
AARD,ZNF572,0.005007010111971827,0.257086926573502,POSITIVE,2,0.1
ADCY8,AGO2,0.14408603370075534,0.5165761278281528,POSITIVE,2,0.1
ANXA13,TRMT12,0.3315118886222478,0.6888980472295435,POSITIVE,2,0.1
ASAP1,ZHX2,-0.03337163613355276,0.39564331331602476,UNRESOLVED,2,0.1
ATAD2,ZHX1,0.38728149634694997,1.4869756235962197,POSITIVE,2,0.1
BCL2L1,MCL1,-0.6569898780247381,-0.9345889179680098,NEGATIVE,16,0.1
BRAF,EGFR,0.346969864925627,-0.47692486552980295,POSITIVE,16,0.1
BRAF,ERBB2,0.023719925092167027,-0.33004619471820007,POSITIVE,16,0.1
BRAF,RBM14,1.3172593433510655,1.2509587049859314,POSITIVE,8,0.1
C8orf76,ZFAT,-0.24577778063575223,-0.019636655101977152,NEGATIVE,2,0.1
CHRAC1,WDYHV1,0.19080829864831272,0.7392095070945134,POSITIVE,2,0.1
COL14A1,WASHC5,-0.2367285454709125,0.5920096823615122,UNRESOLVED,2,0.1
COL22A1,UTP23,-0.04160049027069168,1.1541321215770026,UNRESOLVED,2,0.1
COLEC10,TRIB1,0.2775560532123467,0.8489820668414216,POSITIVE,2,0.1
DENND3,TATDN1,0.3231520766099307,0.967984796695326,POSITIVE,2,0.1
DEPTOR,TRAPPC9,0.16503889346849476,0.5962809437333054,POSITIVE,2,0.1
DERL1,TNFRSF11B,0.016077310120293342,0.6201155211520863,POSITIVE,2,0.1
DSCC1,TMEM71,-0.13195243835895532,0.33298970546836765,UNRESOLVED,2,0.1
EFR3A,TMEM65,0.0835659553327304,0.5373431569295719,POSITIVE,2,0.1
EIF3H,TG,0.06266954151876192,0.5944700811400707,POSITIVE,2,0.1
ENPP2,TAF2,-0.10454524695229078,0.4346814588605107,UNRESOLVED,2,0.1
EXT1,TBC1D31,-0.3276229495685423,0.22810739545453118,UNRESOLVED,2,0.1
FAM135B,PTP4A3,-0.3709349128438352,0.10071863962713457,UNRESOLVED,2,0.1
FAM83A,SQLE,-0.02325890709976544,0.2721919133042324,UNRESOLVED,2,0.1
FAM91A1,NDUFB9,-0.30654586095247327,0.332273820617356,UNRESOLVED,2,0.1
FBXO32,SNTB1,-0.3115730663941275,0.155231380731369,UNRESOLVED,2,0.1
FER1L6,SLC45A4,-0.12341852539152043,0.20006004619588041,UNRESOLVED,2,0.1
GPR20,SLC30A8,0.6542229482132147,0.9507861072282108,POSITIVE,2,0.1
GSDMC,SLA,-0.5205730345094512,0.06415620305203473,UNRESOLVED,2,0.1
HAS2,SAMD12,-0.1753126337122025,0.02291615460353333,UNRESOLVED,2,0.1
HHLA1,RNF139,-0.09501522300487464,0.7174597559952058,UNRESOLVED,2,0.1
KCNK9,RAD21,-0.3795601193519246,0.24845492206427844,UNRESOLVED,2,0.1
KCNQ3,PTK2,-0.183676342501093,0.5405939654334648,UNRESOLVED,2,0.1
KHDRBS3,ST3GAL1,0.04484780470616856,0.5877137141687855,POSITIVE,2,0.1
KLHL38,POU5F1B,0.053217428925142696,0.7863292653889026,POSITIVE,2,0.1
LRRC6,PHF20L1,-0.31934640526691915,0.1995635099659938,UNRESOLVED,2,0.1
MAL2,OC90,-0.019771152291889416,0.29953296529947127,UNRESOLVED,2,0.1
MAP2K1,MAP2K2,0.48970238109816444,-0.751335519857981,POSITIVE,16,0.1
MED30,NSMCE2,0.3292083127098129,1.4736425003081641,POSITIVE,2,0.1
MRPL13,NDRG1,-0.5573459330018897,-0.3756519612746544,NEGATIVE,2,0.1
MTBP,MYC,0.7025756165119672,1.6046858678677158,POSITIVE,2,0.1
MTSS1,MTSS1,0.44260679746607806,0.8818792227363335,POSITIVE,1,0.1
PRMT1,PRMT5,1.3684926145151954,1.9181141061095166,POSITIVE,16,0.1
SIRPB1,TRPS1,-0.08975458343476256,0.15414905167409823,UNRESOLVED,2,0.1
AARD,ZNF572,-0.11588691239235305,0.32503538139341165,UNRESOLVED,2,0.2
ADCY8,AGO2,-0.024884312212022586,0.6033475560952113,UNRESOLVED,2,0.2
ANXA13,TRMT12,0.16515941345875407,0.8257601658473888,POSITIVE,2,0.2
ASAP1,ZHX2,-0.16062747614396755,0.5236970528960743,UNRESOLVED,2,0.2
ATAD2,ZHX1,0.10890773325697611,1.6486143731088094,POSITIVE,2,0.2
BCL2L1,MCL1,-0.7495361467052526,-0.8394892352148431,NEGATIVE,16,0.2
BRAF,EGFR,0.12372179091050484,-0.2643516735708651,POSITIVE,16,0.2
BRAF,ERBB2,-0.18768447390339782,-0.15425018029133408,NEGATIVE,16,0.2
BRAF,RBM14,0.9043206788315188,1.612094177788403,POSITIVE,8,0.2
C8orf76,ZFAT,-0.3367708092523283,0.028978688152102805,UNRESOLVED,2,0.2
CHRAC1,WDYHV1,0.02548850934724145,0.9597521835491932,POSITIVE,2,0.2
COL14A1,WASHC5,-0.4205625819613963,0.6956759258931355,UNRESOLVED,2,0.2
COL22A1,UTP23,-0.35817239670873624,1.4286825681551938,UNRESOLVED,2,0.2
COLEC10,TRIB1,0.03755112124986992,1.0418521533126799,POSITIVE,2,0.2
DENND3,TATDN1,0.07750538938640616,1.1616720632000423,POSITIVE,2,0.2
DEPTOR,TRAPPC9,-0.007307716022413313,0.7512702996722544,UNRESOLVED,2,0.2
DERL1,TNFRSF11B,-0.2161954744136454,0.7923959129121091,UNRESOLVED,2,0.2
DSCC1,TMEM71,-0.3616089135446864,0.412841844124062,UNRESOLVED,2,0.2
EFR3A,TMEM65,-0.13181932667183938,0.7527284389341417,UNRESOLVED,2,0.2
EIF3H,TG,-0.16828763922747414,0.7745617143728574,UNRESOLVED,2,0.2
ENPP2,TAF2,-0.3730098888114438,0.6814877978899166,UNRESOLVED,2,0.2
EXT1,TBC1D31,-0.48751769269548484,0.3482892920202971,UNRESOLVED,2,0.2
FAM135B,PTP4A3,-0.4931563254586018,0.19037392340394232,UNRESOLVED,2,0.2
FAM83A,SQLE,-0.14090878351155217,0.3898417897160192,UNRESOLVED,2,0.2
FAM91A1,NDUFB9,-0.507782263564551,0.48914629692299627,UNRESOLVED,2,0.2
FBXO32,SNTB1,-0.3836426348192662,0.25567621399235807,UNRESOLVED,2,0.2
FER1L6,SLC45A4,-0.2511422737760125,0.21779133146573587,UNRESOLVED,2,0.2
GPR20,SLC30A8,0.5182605137266623,1.0679142257141727,POSITIVE,2,0.2
GSDMC,SLA,-0.6593732642456305,0.10144686340787079,UNRESOLVED,2,0.2
HAS2,SAMD12,-0.26657398977873614,0.11417751067006701,UNRESOLVED,2,0.2
HHLA1,RNF139,-0.35598280127718995,0.813485897816197,UNRESOLVED,2,0.2
KCNK9,RAD21,-0.6686114093953613,0.5206267056541372,UNRESOLVED,2,0.2
KCNQ3,PTK2,-0.4419205196033261,0.7428581517545201,UNRESOLVED,2,0.2
KHDRBS3,ST3GAL1,-0.1307799924222668,0.7553900335107767,UNRESOLVED,2,0.2
KLHL38,POU5F1B,-0.07615592864331255,0.9764584144829215,UNRESOLVED,2,0.2
LRRC6,PHF20L1,-0.4201928233658925,0.22422552478471092,UNRESOLVED,2,0.2
MAL2,OC90,-0.14749247271798638,0.42725428572556823,UNRESOLVED,2,0.2
MAP2K1,MAP2K2,0.33225510292473603,-0.6536092918842338,POSITIVE,16,0.2
MED30,NSMCE2,-0.1649665726967935,1.9257545088551655,UNRESOLVED,2,0.2
MRPL13,NDRG1,-0.6402721292754693,-0.3344865302503386,NEGATIVE,2,0.2
MTBP,MYC,0.27944245413979185,2.0498644129988315,POSITIVE,2,0.2
MTSS1,MTSS1,0.22297058483095034,1.1015154353714611,POSITIVE,1,0.2
PRMT1,PRMT5,0.7687848316494796,2.3284747710400984,POSITIVE,16,0.2
SIRPB1,TRPS1,-0.1859952540874057,0.17589978804201473,UNRESOLVED,2,0.2
AARD,ZNF572,-0.20897953158917548,0.3929838362133212,UNRESOLVED,2,0.3
ADCY8,AGO2,-0.11165574047908111,0.6901189843622698,UNRESOLVED,2,0.3
ANXA13,TRMT12,-0.0011930617047396508,0.962622284465234,UNRESOLVED,2,0.3
ASAP1,ZHX2,-0.28788331615438234,0.6517507924761237,UNRESOLVED,2,0.3
ATAD2,ZHX1,-0.16946602983299774,1.8102531226213991,UNRESOLVED,2,0.3
BCL2L1,MCL1,-0.8420824153857671,-0.7443895524616763,NEGATIVE,16,0.3
BRAF,EGFR,-0.09952628310461709,-0.05177848161192733,NEGATIVE,16,0.3
BRAF,ERBB2,-0.39908887289896255,0.021545834135531905,UNRESOLVED,16,0.3
BRAF,RBM14,0.49138201431197204,1.9732296505908746,POSITIVE,8,0.3
C8orf76,ZFAT,-0.3853861525064083,0.07759403140618279,UNRESOLVED,2,0.3
CHRAC1,WDYHV1,-0.1398312799538297,1.180294860003873,UNRESOLVED,2,0.3
COL14A1,WASHC5,-0.6043966184518799,0.7993421694247589,UNRESOLVED,2,0.3
COL22A1,UTP23,-0.6747443031467808,1.703233014733385,UNRESOLVED,2,0.3
COLEC10,TRIB1,-0.20245381071260693,1.2347222397839384,UNRESOLVED,2,0.3
DENND3,TATDN1,-0.1681412978371184,1.3553593297047586,UNRESOLVED,2,0.3
DEPTOR,TRAPPC9,-0.16229707196136223,0.9062596556112034,UNRESOLVED,2,0.3
DERL1,TNFRSF11B,-0.4484682589475839,0.964676304672132,UNRESOLVED,2,0.3
DSCC1,TMEM71,-0.46392765884585563,0.4926939827797563,UNRESOLVED,2,0.3
EFR3A,TMEM65,-0.347204608676409,0.9681137209387113,UNRESOLVED,2,0.3
EIF3H,TG,-0.3992448199737102,0.954653347605644,UNRESOLVED,2,0.3
ENPP2,TAF2,-0.6261385051574071,0.9282941369193225,UNRESOLVED,2,0.3
EXT1,TBC1D31,-0.6474124358224274,0.46847118858606296,UNRESOLVED,2,0.3
FAM135B,PTP4A3,-0.6153777380733683,0.2800292071807501,UNRESOLVED,2,0.3
FAM83A,SQLE,-0.2585586599233389,0.5074916661278059,UNRESOLVED,2,0.3
FAM91A1,NDUFB9,-0.7090186661766287,0.6460187732286364,UNRESOLVED,2,0.3
FBXO32,SNTB1,-0.45571220324440487,0.3561210472533469,UNRESOLVED,2,0.3
FER1L6,SLC45A4,-0.3788660221605046,0.23552261673559133,UNRESOLVED,2,0.3
GPR20,SLC30A8,0.4011323952407002,1.1850423442001348,POSITIVE,2,0.3
GSDMC,SLA,-0.7981734939818097,0.13873752376370685,UNRESOLVED,2,0.3
HAS2,SAMD12,-0.3578353458452698,0.20543886673660067,UNRESOLVED,2,0.3
HHLA1,RNF139,-0.616950379549505,0.9095120396371881,UNRESOLVED,2,0.3
KCNK9,RAD21,-0.9576626994387981,0.7927984892439959,UNRESOLVED,2,0.3
KCNQ3,PTK2,-0.700164696705559,0.9451223380755753,UNRESOLVED,2,0.3
KHDRBS3,ST3GAL1,-0.30640778955070214,0.9230663528527678,UNRESOLVED,2,0.3
KLHL38,POU5F1B,-0.20552928621176803,1.1665875635769405,UNRESOLVED,2,0.3
LRRC6,PHF20L1,-0.5210392414648659,0.24888753960342813,UNRESOLVED,2,0.3
MAL2,OC90,-0.27521379314408334,0.5549756061516652,UNRESOLVED,2,0.3
MAP2K1,MAP2K2,0.17480782475130785,-0.5558830639104866,POSITIVE,16,0.3
MED30,NSMCE2,-0.6591414581033999,2.377866517402167,UNRESOLVED,2,0.3
MRPL13,NDRG1,-0.7172743895802465,-0.29332109922602273,NEGATIVE,2,0.3
MTBP,MYC,-0.14369070823238328,2.495042958129947,UNRESOLVED,2,0.3
MTSS1,MTSS1,0.0033343721958226658,1.3211516480065888,POSITIVE,1,0.3
PRMT1,PRMT5,0.16907704878376384,2.7388354359706804,POSITIVE,16,0.3
SIRPB1,TRPS1,-0.2822359247400488,0.1976505244099312,UNRESOLVED,2,0.3
