gene_a,gene_b,guide_a,guide_b,m_a0,m_0b,m_ab,mu,delta,rho_star,n_double,n_single_a,n_single_b,noise,lower_0.05,upper_0.05,sign_0.05,lower_0.1,upper_0.1,sign_0.1,lower_0.2,upper_0.2,sign_0.2,lower_0.3,upper_0.3,sign_0.3
BCL2L1,MCL1,1171994543,914758331,0.19107404301139466,0.9967536212725142,-0.8128563753123115,0.9494587503608551,-1.051225289235365,1.304768443435294,1,2,2,0.238658101416142,-1.330167369564563,-0.7722832089061671,NEGATIVE,-1.370451348477619,-0.7319992299931111,NEGATIVE,-1.4510193063037309,-0.6514312721669991,NEGATIVE,-1.531587264129843,-0.5708633143408872,NEGATIVE
BCL2L1,MCL1,1171994543,914758312,0.19107404301139466,0.7626212861121809,-1.255092281193036,0.9494587503608551,-1.2593288599557564,1.3323099032120096,1,2,2,0.238658101416142,-1.5452480699518052,-0.9734096499597076,NEGATIVE,-1.5925091785317118,-0.926148541379801,NEGATIVE,-1.6870313956915253,-0.8316263242199875,NEGATIVE,-1.7815536128513387,-0.737104107060174,NEGATIVE
BCL2L1,MCL1,1171994543,914758358,0.19107404301139466,0.5990398680554515,-1.234286190064974,0.9494587503608551,-1.074941350770965,0.9694605616361333,1,2,2,0.238658101416142,-1.3690396316698503,-0.7808430698720799,NEGATIVE,-1.4244798111525934,-0.7254028903893367,NEGATIVE,-1.53536017011808,-0.6145225314238503,NEGATIVE,-1.6462405290835664,-0.5036421724583638,NEGATIVE
BCL2L1,MCL1,1171994543,914758316,0.19107404301139466,0.7823807709051706,-0.3017894443723714,0.9494587503608551,-0.3257855079280816,0.3520244657866744,1,2,2,0.238658101416142,-0.6107167436844808,-0.04085427217168236,NEGATIVE,-0.6569898780247381,0.0054188621685749006,UNRESOLVED,-0.7495361467052526,0.09796513084908942,UNRESOLVED,-0.8420824153857671,0.19051139952960394,UNRESOLVED
BCL2L1,MCL1,1171994567,914758331,0.04575679374084588,0.9967536212725142,-1.175295037484814,0.9494587503608551,-1.2683467021373187,1.3337023483341564,1,2,2,0.238658101416142,-1.554554644930044,-0.9821387593445933,NEGATIVE,-1.6021044863066276,-0.9345889179680098,NEGATIVE,-1.6972041690597943,-0.8394892352148431,NEGATIVE,-1.792303851812961,-0.7443895524616763,NEGATIVE
BCL2L1,MCL1,1171994567,914758312,0.04575679374084588,0.7626212861121809,-1.278893151520124,0.9494587503608551,-1.1378124810122956,1.0433483276615128,1,2,2,0.238658101416142,-1.4309975534718717,-0.8446274085527194,NEGATIVE,-1.485524524515306,-0.7901004375092853,NEGATIVE,-1.5945784666021743,-0.6810464954224169,NEGATIVE,-1.7036324086890426,-0.5719925533355485,NEGATIVE
BCL2L1,MCL1,1171994567,914758358,0.04575679374084588,0.5990398680554515,-1.064231007055517,0.9494587503608551,-0.7595689184909591,0.6056584779675552,1,2,2,0.238658101416142,-1.0609330618533717,-0.45820477512854646,NEGATIVE,-1.1236391037996425,-0.3954987331822758,NEGATIVE,-1.2490511876921837,-0.27008664928973447,NEGATIVE,-1.374463271584725,-0.14467456539719314,NEGATIVE
BCL2L1,MCL1,1171994567,914758316,0.04575679374084588,0.7823807709051706,-0.5729440729560568,0.9494587503608551,-0.451622887241218,0.42177003138139924,1,2,2,0.238658101416142,-0.7438199854611447,-0.15942578902129134,NEGATIVE,-0.7973589822649294,-0.10588679221750663,NEGATIVE,-0.9044369758724988,0.001191201390062735,UNRESOLVED,-1.0115149694800682,0.1082691949976321,UNRESOLVED
BCL2L1,MCL1,1171994553,914758331,-0.3571239722717434,0.9967536212725142,-0.8992515113285869,0.9494587503608551,-0.5894224099685026,0.4353587154252839,1,2,2,0.238658101416142,-0.8957743910618574,-0.2830704288751477,NEGATIVE,-0.9634682707390704,-0.2153765491979348,NEGATIVE,-1.0988560300934962,-0.0799887898435091,NEGATIVE,-1.234243789447922,0.05539896951091661,UNRESOLVED
BCL2L1,MCL1,1171994553,914758312,-0.3571239722717434,0.7626212861121809,-1.481344928317342,0.9494587503608551,-0.9373834917969246,0.6276756535308886,1,2,2,0.238658101416142,-1.2507126025571302,-0.624054381036719,NEGATIVE,-1.325383611901194,-0.5493833716926553,NEGATIVE,-1.474725630589321,-0.40004135300452803,NEGATIVE,-1.6240676492774484,-0.2506993343164008,NEGATIVE
BCL2L1,MCL1,1171994553,914758358,-0.3571239722717434,0.5990398680554515,-1.831806712825998,0.9494587503608551,-1.1242638582488511,0.6784929205249117,1,2,2,0.238658101416142,-1.4457720399118932,-0.802755676585809,NEGATIVE,-1.5286221201587933,-0.7199055963389089,NEGATIVE,-1.6943222806525935,-0.5542054358451087,NEGATIVE,-1.8600224411463937,-0.3885052753513085,NEGATIVE
BCL2L1,MCL1,1171994553,914758316,-0.3571239722717434,0.7823807709051706,-1.174104785933755,0.9494587503608551,-0.6499028342063271,0.44101252973996524,1,2,2,0.238658101416142,-0.9622439707268833,-0.33756169768577093,NEGATIVE,-1.0359270058312975,-0.2638786625813568,NEGATIVE,-1.1832930760401257,-0.11651259237252842,NEGATIVE,-1.330659146248954,0.03085347783629988,UNRESOLVED
BCL2L1,MCL1,1171994566,914758331,0.1916972123836776,0.9967536212725142,-0.8328492694184408,0.9494587503608551,-1.0718413527137773,1.3313866467980366,1,2,2,0.238658101416142,-1.3507522745743612,-0.7929304308531935,NEGATIVE,-1.3910050950188029,-0.7526776104087517,NEGATIVE,-1.4715107359076867,-0.672171969519868,NEGATIVE,-1.5520163767965705,-0.5916663286309843,NEGATIVE
BCL2L1,MCL1,1171994566,914758312,0.1916972123836776,0.7626212861121809,-1.081295411442637,0.9494587503608551,-1.0861551595776402,1.1498584658868214,1,2,2,0.238658101416142,-1.3720432111050749,-0.8002671080502056,NEGATIVE,-1.4192731612163674,-0.753037157938913,NEGATIVE,-1.5137330614389526,-0.6585772577163278,NEGATIVE,-1.6081929616615378,-0.5641173574937427,NEGATIVE
BCL2L1,MCL1,1171994566,914758358,0.1916972123836776,0.5990398680554515,-1.256586328379148,0.9494587503608551,-1.0978646584574219,0.9906912614260692,1,2,2,0.238658101416142,-1.391931780887693,-0.8037975360271508,NEGATIVE,-1.447340801901822,-0.7483885150130217,NEGATIVE,-1.5581588439300802,-0.6375704729847637,NEGATIVE,-1.668976885958338,-0.5267524309565056,NEGATIVE
BCL2L1,MCL1,1171994566,914758316,0.1916972123836776,0.7823807709051706,-0.4297622359724565,0.9494587503608551,-0.4543814689004495,0.4913084490179507,1,2,2,0.238658101416142,-0.7392815461882346,-0.1694813916126644,NEGATIVE,-0.7855235220598777,-0.12323941574102126,NEGATIVE,-0.8780074738031639,-0.0307554639977351,NEGATIVE,-0.9704914255464502,0.061728487745551175,UNRESOLVED
BRAF,RBM14,1033379492,1084053576,-0.4092464768578173,-1.9489434367193612,-2.35141409637225,0.9494587503608551,0.9562345675657837,0.22462072823296803,1,2,6,0.4884199747706823,0.2549592220801571,1.6575099130514104,POSITIVE,0.04210385136521255,1.870365283766355,POSITIVE,-0.3836068900646763,2.2960760251962435,UNRESOLVED,-0.8093176314945649,2.721786766626132,UNRESOLVED
BRAF,RBM14,1033379492,1084053605,-0.4092464768578173,-1.5359606182598502,-1.946010377568202,0.9494587503608551,0.9486554679103205,0.24678062436818032,1,2,5,0.4884199747706823,0.2680292633476693,1.6292816724729717,POSITIVE,0.07582303355570041,1.8214879022649406,POSITIVE,-0.30858942602823736,2.2059003618488786,UNRESOLVED,-0.6930018856121751,2.590312821432816,UNRESOLVED
BRAF,RBM14,1033379562,1084053576,-0.28152570775439645,-1.9489434367193612,-0.9613099121933182,0.9494587503608551,2.2186179826412946,0.5372754293237839,1,2,6,0.4884199747706823,1.523728675610839,2.91350728967175,POSITIVE,1.3172593433510655,3.1199766219315235,POSITIVE,0.9043206788315188,3.5329152864510704,POSITIVE,0.49138201431197204,3.9458539509706174,POSITIVE
BRAF,RBM14,1033379562,1084053605,-0.28152570775439645,-1.5359606182598502,-1.448615979726996,0.9494587503608551,1.3183290966481058,0.3547324666829783,1,2,5,0.4884199747706823,0.6440889305406257,1.992569262755586,POSITIVE,0.4582687392038278,2.178389454092384,POSITIVE,0.08662835653023215,2.5500298367659795,POSITIVE,-0.2850120261433635,2.921670219439575,UNRESOLVED
BRAF,RBM14,1033379490,1084053576,-0.1764766090431561,-1.9489434367193612,-2.093483040018965,0.9494587503608551,0.9813957561044073,0.24386516905416689,1,2,6,0.4884199747706823,0.29175890400951365,1.671032608199301,POSITIVE,0.09054202668530231,1.8722494855235123,POSITIVE,-0.3118917279631206,2.2746832401719352,UNRESOLVED,-0.7143254826115433,2.677116994820358,UNRESOLVED
BRAF,RBM14,1033379490,1084053605,-0.1764766090431561,-1.5359606182598502,-2.260492720251084,0.9494587503608551,0.4014032574127775,0.1111503265790594,1,2,5,0.4884199747706823,-0.26758445375914064,1.0703909685846957,UNRESOLVED,-0.44815219016037644,1.2509587049859314,UNRESOLVED,-0.809287662962848,1.612094177788403,UNRESOLVED,-1.1704231357653196,1.9732296505908746,UNRESOLVED
BRAF,RBM14,1033390638,1084053576,-1.0373317379027966,-1.9489434367193612,-2.467824935191763,0.9494587503608551,1.46790898979125,0.30048128852725836,1,2,6,0.4884199747706823,0.7352293812533743,2.2005885983291256,POSITIVE,0.49096974748618094,2.4448482320963194,POSITIVE,0.002450479951794149,2.933367499630706,POSITIVE,-0.48606878758259264,3.421886767165093,UNRESOLVED
BRAF,RBM14,1033390638,1084053605,-1.0373317379027966,-1.5359606182598502,-2.86329152932863,0.9494587503608551,0.6594595771948719,0.1474572075770827,1,2,5,0.4884199747706823,-0.05257089042002816,1.371490044809772,UNRESOLVED,-0.2761813832642461,1.59510053765399,UNRESOLVED,-0.7234023689526818,2.0423215233424257,UNRESOLVED,-1.1706233546411173,2.489542509030861,UNRESOLVED
BRAF,EGFR,1024980888,1033379492,0.11426626065557273,-0.4092464768578173,-1.213155372134099,0.9494587503608551,0.03128359442900064,0.014259367785323693,1,2,2,0.5118829510066232,-0.5902942424238202,0.6528614312818215,UNRESOLVED,-0.699989128270018,0.7625563171280193,UNRESOLVED,-0.9193788999624135,0.9819460888204148,UNRESOLVED,-1.1387686716548089,1.2013358605128102,UNRESOLVED
BRAF,EGFR,1024980888,1033379562,0.11426626065557273,-0.28152570775439645,-1.707268755222701,0.9494587503608551,-0.5905505577630221,0.285817997527246,1,2,2,0.5118829510066232,-1.205742356160672,0.024641240634627803,UNRESOLVED,-1.3090512035516988,0.12795008802565444,UNRESOLVED,-1.515668898333752,0.3345677828077078,UNRESOLVED,-1.7222865931158056,0.5411854775897613,UNRESOLVED
BRAF,EGFR,1024980888,1033379490,0.11426626065557273,-0.1764766090431561,-1.211132440816471,0.9494587503608551,-0.1994633420680323,0.10170848481837873,1,2,2,0.5118829510066232,-0.8094026855301202,0.4104760013940556,UNRESOLVED,-0.9074590779855848,0.5085323938495202,UNRESOLVED,-1.103571862896514,0.7046451787604495,UNRESOLVED,-1.2996846478074433,0.9007579636713787,UNRESOLVED
BRAF,EGFR,1024980888,1033390638,0.11426626065557273,-1.0373317379027966,-2.563501818842863,0.9494587503608551,-0.690977591234784,0.24485533634653647,1,2,2,0.5118829510066232,-1.343959691139854,-0.037995491329714026,NEGATIVE,-1.4850588400383007,0.10310365756873263,UNRESOLVED,-1.767257137835194,0.38530195536562606,UNRESOLVED,-2.0494554356320873,0.6675002531625194,UNRESOLVED
BRAF,EGFR,1024965420,1033379492,0.054711288886727785,-0.4092464768578173,-1.30824133013425,0.9494587503608551,-0.004247391802305378,0.0018848373536385348,1,2,2,0.5118829510066232,-0.6288029772435686,0.6203081936389578,UNRESOLVED,-0.7414756116782085,0.7329808280735978,UNRESOLVED,-0.9668208805474885,0.9583260969428777,UNRESOLVED,-1.1921661494167684,1.1836713658121576,UNRESOLVED
BRAF,EGFR,1024965420,1033379562,0.054711288886727785,-0.28152570775439645,-2.377654177723888,0.9494587503608551,-1.201381008495364,0.5651611087099973,1,2,2,0.5118829510066232,-1.8195505554814562,-0.5832114615092718,NEGATIVE,-1.9258371514609252,-0.47692486552980295,NEGATIVE,-2.1384103434198627,-0.2643516735708651,NEGATIVE,-2.3509835353788007,-0.05177848161192733,NEGATIVE
BRAF,EGFR,1024965420,1033379490,0.054711288886727785,-0.1764766090431561,-1.636860224685724,0.9494587503608551,-0.5656361541684407,0.2799232755997942,1,2,2,0.5118829510066232,-1.178553246218971,0.047280937882089424,UNRESOLVED,-1.2795873872628778,0.14831507892599638,UNRESOLVED,-1.4816556693506917,0.3503833610138103,UNRESOLVED,-1.6837239514385054,0.552451643101624,UNRESOLVED
BRAF,EGFR,1024965420,1033390638,0.054711288886727785,-1.0373317379027966,-2.509784920533573,0.9494587503608551,-0.577705721156649,0.20048520312190246,1,2,2,0.5118829510066232,-1.233665569650161,0.0782541273368631,UNRESOLVED,-1.37774246713705,0.2223310248237521,UNRESOLVED,-1.665896262110828,0.51048481979753,UNRESOLVED,-1.9540500570846058,0.7986386147713078,UNRESOLVED
BRAF,EGFR,1024979188,1033379492,0.15701961413885807,-0.4092464768578173,-1.479957909156297,0.9494587503608551,-0.27827229607648274,0.12936012143387593,1,2,2,0.5118829510066232,-0.8977124652551394,0.3411678731021739,UNRESOLVED,-1.0052696834271728,0.44872509127420734,UNRESOLVED,-1.2203841197712397,0.6638395276182744,UNRESOLVED,-1.4354985561153066,0.8789539639623412,UNRESOLVED
BRAF,EGFR,1024979188,1033379562,0.15701961413885807,-0.28152570775439645,-1.593154399038247,0.9494587503608551,-0.5191895550618535,0.2565896515760994,1,2,2,0.5118829510066232,-1.132243685785339,0.09386457566163209,UNRESOLVED,-1.2334148655022017,0.1950357553784946,UNRESOLVED,-1.4357572249359265,0.3973781148122195,UNRESOLVED,-1.6380995843696513,0.5997204742459443,UNRESOLVED
BRAF,EGFR,1024979188,1033379490,0.15701961413885807,-0.1764766090431561,-0.4995865556554364,0.9494587503608551,0.4693291896097168,0.2446494105711952,1,2,2,0.5118829510066232,-0.13847248617820684,1.0771308653976406,UNRESOLVED,-0.2343912109595072,1.1730495901789408,UNRESOLVED,-0.42622866052210806,1.3648870397415416,UNRESOLVED,-0.6180661100847088,1.5567244893041425,UNRESOLVED
BRAF,EGFR,1024979188,1033390638,0.15701961413885807,-1.0373317379027966,-2.32717806425829,0.9494587503608551,-0.49740719013349644,0.1789730455343543,1,2,2,0.5118829510066232,-1.148251622364402,0.15343724209740917,UNRESOLVED,-1.2872131035886845,0.2923987233216916,UNRESOLVED,-1.5651360660372493,0.5703216857702564,UNRESOLVED,-1.8430590284858144,0.8482446482188215,UNRESOLVED
BRAF,EGFR,1024979662,1033379492,-0.05203753167511424,-0.4092464768578173,-0.7342013763743501,0.9494587503608551,0.6765413825194366,0.2866456020245027,1,2,2,0.5118829510066232,0.04664835605008133,1.306434408988792,POSITIVE,-0.07136171941265079,1.424444484451524,UNRESOLVED,-0.30738187033811504,1.6604646353769883,UNRESOLVED,-0.5434020212635791,1.8964847863024523,UNRESOLVED
BRAF,EGFR,1024979662,1033379562,-0.05203753167511424,-0.28152570775439645,-0.2009210998429936,0.9494587503608551,1.0821008899473723,0.48470782770295,1,2,2,0.5118829510066232,0.45859390193318805,1.7056078779615564,POSITIVE,0.346969864925627,1.8172319149691176,POSITIVE,0.12372179091050484,2.0404799889842398,POSITIVE,-0.09952628310461709,2.2637280629993617,UNRESOLVED
BRAF,EGFR,1024979662,1033379490,-0.05203753167511424,-0.1764766090431561,-0.5814722670418918,0.9494587503608551,0.5965006240372337,0.28038533056389264,1,2,2,0.5118829510066232,-0.02175390904138852,1.214755157115856,UNRESOLVED,-0.12812549111338756,1.321126739187855,UNRESOLVED,-0.34086865525738563,1.533869903331853,UNRESOLVED,-0.5536118194013837,1.746613067475851,UNRESOLVED
BRAF,EGFR,1024979662,1033390638,-0.05203753167511424,-1.0373317379027966,-1.57508898686514,0.9494587503608551,0.46373903307362596,0.15518558582887582,1,2,2,0.5118829510066232,-0.1975582564479783,1.1250363225952302,UNRESOLVED,-0.3469725949629594,1.2744506611102113,UNRESOLVED,-0.6458012719929216,1.5732793381401735,UNRESOLVED,-0.9446299490228833,1.8721080151701353,UNRESOLVED
BRAF,ERBB2,1033379492,1147332747,-0.4092464768578173,0.4224830642074471,-1.506159198151601,0.9494587503608551,-0.5699370351403756,0.30224468577834956,1,2,2,0.3842407986247814,-1.048461879433761,-0.0914121908469902,NEGATIVE,-1.142745925102365,0.002871854821613784,UNRESOLVED,-1.3313140164395731,0.19143994615882187,UNRESOLVED,-1.5198821077767812,0.38000803749602996,UNRESOLVED
BRAF,ERBB2,1033379562,1147332747,-0.28152570775439645,0.4224830642074471,-1.698584401677652,0.9494587503608551,-0.8900830077698474,0.5063158062324198,1,2,2,0.3842407986247814,-1.3622218136080617,-0.417944201931633,NEGATIVE,-1.4501198208214947,-0.33004619471820007,NEGATIVE,-1.6259158352483607,-0.15425018029133408,NEGATIVE,-1.8017118496752267,0.021545834135531905,UNRESOLVED
BRAF,ERBB2,1033379490,1147332747,-0.1764766090431561,0.4224830642074471,-0.7890410560524369,0.9494587503608551,-0.08558876085587275,0.051780621277782816,1,2,2,0.3842407986247814,-0.5524751117585252,0.3812975900467796,UNRESOLVED,-0.635120664036396,0.4639431423246505,UNRESOLVED,-0.8004117685921379,0.6292342468803924,UNRESOLVED,-0.9657028731478798,0.7945253514361343,UNRESOLVED
BRAF,ERBB2,1033390638,1147332747,-1.0373317379027966,0.4224830642074471,-1.770916749922167,0.9494587503608551,-0.20660932586596226,0.08219114727879365,1,2,2,0.3842407986247814,-0.7165384332115966,0.3033197814796721,UNRESOLVED,-0.8422267419324496,0.4290080902005251,UNRESOLVED,-1.0936033593741556,0.6803847076422311,UNRESOLVED,-1.3449799768158617,0.9317613250839372,UNRESOLVED
BRAF,ERBB2,1033379492,1147333124,-0.4092464768578173,0.1941199876238797,-0.5452201168822796,0.9494587503608551,0.6193651227125132,0.2929764591726908,1,2,2,0.3842407986247814,0.1294221245899494,1.109308120835077,POSITIVE,0.023719925092167027,1.2150103203328593,POSITIVE,-0.18768447390339782,1.4264147193284242,UNRESOLVED,-0.39908887289896255,1.637819118323989,UNRESOLVED
BRAF,ERBB2,1033379562,1147333124,-0.28152570775439645,0.1941199876238797,-0.6980700406050709,0.9494587503608551,0.33879442988630093,0.17056359525462428,1,2,2,0.3842407986247814,-0.14476252978109183,0.8223513895536937,UNRESOLVED,-0.24407869082370315,0.921667550596305,UNRESOLVED,-0.4427110129089259,1.1202998726815276,UNRESOLVED,-0.6413433349941485,1.3189321947667505,UNRESOLVED
BRAF,ERBB2,1033379490,1147333124,-0.1764766090431561,0.1941199876238797,-0.8132133124654978,0.9494587503608551,0.11860205931463375,0.0630434756523725,1,2,2,0.3842407986247814,-0.359702445417197,0.5969065640464645,UNRESOLVED,-0.4537661515242464,0.6909702701535139,UNRESOLVED,-0.6418935637383449,0.8790976823676124,UNRESOLVED,-0.8300209759524435,1.067225094581711,UNRESOLVED
BRAF,ERBB2,1033390638,1147333124,-1.0373317379027966,0.1941199876238797,-1.952142277953387,0.9494587503608551,-0.15947177731361495,0.05815618547354115,1,2,2,0.3842407986247814,-0.6808190384884277,0.36187548386119783,UNRESOLVED,-0.8179255010384591,0.49898194641122917,UNRESOLVED,-1.0921384261385219,0.773194871511292,UNRESOLVED,-1.3663513512385845,1.0474077966113546,UNRESOLVED
BRAF,ERBB2,1033379492,1147332907,-0.4092464768578173,0.3809126051030257,-1.515785879150654,0.9494587503608551,-0.5379932570350072,0.27915053776492604,1,2,2,0.3842407986247814,-1.0185966242836137,-0.05738988978640075,NEGATIVE,-1.1149591929074387,0.03897267883742428,UNRESOLVED,-1.307684330155089,0.23169781608507445,UNRESOLVED,-1.500409467402739,0.4244229533327246,UNRESOLVED
BRAF,ERBB2,1033379562,1147332907,-0.28152570775439645,0.3809126051030257,-1.315553897373645,0.9494587503608551,-0.46548204436141916,0.2586685902917733,1,2,2,0.3842407986247814,-0.9396993731548546,0.008735284432016321,UNRESOLVED,-1.0296759033235086,0.09871181460067036,UNRESOLVED,-1.2096289636608168,0.27866487493797854,UNRESOLVED,-1.389582023998125,0.4586179352752866,UNRESOLVED
BRAF,ERBB2,1033379490,1147332907,-0.1764766090431561,0.3809126051030257,-1.292246392770292,0.9494587503608551,-0.5472236384693066,0.3229445921739425,1,2,2,0.3842407986247814,-1.0161885123271799,-0.07825876461143311,NEGATIVE,-1.100912587560272,0.006465310621658893,UNRESOLVED,-1.270360738026456,0.175913461087843,UNRESOLVED,-1.43980888849264,0.345361611554027,UNRESOLVED
BRAF,ERBB2,1033390638,1147332907,-1.0373317379027966,0.3809126051030257,-2.111290601983277,0.9494587503608551,-0.5054127188226509,0.1977871377855008,1,2,2,0.3842407986247814,-1.0174203491235063,0.006594911478204457,UNRESOLVED,-1.1451871807995804,0.1343617431542785,UNRESOLVED,-1.4007208441517285,0.3898954065064266,UNRESOLVED,-1.6562545075038766,0.6454290698585747,UNRESOLVED
BRAF,ERBB2,1033379492,1147332732,-0.4092464768578173,-0.018571067913629315,-1.364355277782308,0.9494587503608551,0.012921017349993624,0.005553282646007072,1,2,2,0.3842407986247814,-0.4876565335494456,0.5134985682494329,UNRESOLVED,-0.6039932858241035,0.6298353205240907,UNRESOLVED,-0.8366667903734192,0.8625088250734064,UNRESOLVED,-1.0693402949227349,1.095182329622722,UNRESOLVED
BRAF,ERBB2,1033379562,1147332732,-0.28152570775439645,-0.018571067913629315,-1.599143231156064,0.9494587503608551,-0.3495877051271832,0.1589747319426793,1,2,2,0.3842407986247814,-0.8437792175714514,0.144603807317085,UNRESOLVED,-0.9537299313909382,0.25455452113657184,UNRESOLVED,-1.173631359029912,0.4744559487755454,UNRESOLVED,-1.3935327866688854,0.694357376414519,UNRESOLVED
BRAF,ERBB2,1033379490,1147332732,-0.1764766090431561,-0.018571067913629315,-1.308421601229235,0.9494587503608551,-0.1639151739115945,0.07827979932948138,1,2,2,0.3842407986247814,-0.6528542314203007,0.3250238835971117,UNRESOLVED,-0.7575524903042254,0.42972214248103646,UNRESOLVED,-0.9669490080720751,0.6391186602488861,UNRESOLVED,-1.1763455258399247,0.8485151780167357,UNRESOLVED
BRAF,ERBB2,1033390638,1147332732,-1.0373317379027966,-0.018571067913629315,-2.289606815692252,0.9494587503608551,-0.2842452595149709,0.0961971389211117,1,2,2,0.3842407986247814,-0.8162270734666591,0.24773655443671727,UNRESOLVED,-0.963968088793566,0.39547756976362414,UNRESOLVED,-1.2594501194473795,0.6909596004174376,UNRESOLVED,-1.554932150101193,0.9864416310712512,UNRESOLVED
MAP2K1,MAP2K2,1128285684,1161407654,-0.19275515311419839,0.5181551370738514,-1.220243479057007,0.9494587503608551,-0.5961847126558046,0.3788866067933058,1,2,2,1.2319968179497607,-1.906857406443668,0.7144879811320588,UNRESOLVED,-1.985533282281771,0.7931638569701618,UNRESOLVED,-2.1428850339579766,0.9505156086463675,UNRESOLVED,-2.3002367856341825,1.1078673603225733,UNRESOLVED
MAP2K1,MAP2K2,1128285684,1161407191,-0.19275515311419839,0.5854735255105836,-0.5988136470355842,0.9494587503608551,-0.042073269071114305,0.027933404209238705,1,2,2,1.2319968179497607,-1.3493800434371412,1.2652335052949126,UNRESOLVED,-1.4246899998534075,1.3405434617111789,UNRESOLVED,-1.57530991268594,1.4911633745437114,UNRESOLVED,-1.7259298255184725,1.641783287376244,UNRESOLVED
MAP2K1,MAP2K2,1128285684,1161411022,-0.19275515311419839,0.7276326065694114,-1.081792624218252,0.9494587503608551,-0.6672113273126099,0.4891435032642077,1,2,2,1.2319968179497607,-1.9674101476256955,0.6329874930004757,UNRESOLVED,-2.0356121499890203,0.7011894953638005,UNRESOLVED,-2.1720161547156698,0.8375935000904502,UNRESOLVED,-2.3084201594423197,0.9739975048170999,UNRESOLVED
MAP2K1,MAP2K2,1128285684,1161408011,-0.19275515311419839,0.7916590615941684,-0.6206881780722476,0.9494587503608551,-0.2701333361913625,0.2077927014021024,1,2,2,1.2319968179497607,-1.5671308337532102,1.0268641613704852,UNRESOLVED,-1.6321315133652972,1.0918648409825722,UNRESOLVED,-1.7621328725894714,1.2218662002067464,UNRESOLVED,-1.8921342318136454,1.3518675594309204,UNRESOLVED
MAP2K1,MAP2K2,1128285899,1161407654,0.12999615939007006,0.5181551370738514,-0.05507338450654323,0.9494587503608551,0.2462340693903904,0.19686658350071662,1,2,2,1.2319968179497607,-1.0483010587722597,1.5407691975530404,UNRESOLVED,-1.1108393689851492,1.60330750776593,UNRESOLVED,-1.2359159894109282,1.728384128191709,UNRESOLVED,-1.360992609836707,1.8534607486174877,UNRESOLVED
MAP2K1,MAP2K2,1128285899,1161407191,0.12999615939007006,0.5854735255105836,-1.691125566097888,0.9494587503608551,-1.4571365006376866,1.2312638387242696,1,2,2,1.2319968179497607,-2.7483057093785,-0.1659672918968731,NEGATIVE,-2.8074781001695532,-0.10679490110582024,NEGATIVE,-2.9258228817516585,0.011549880476285468,UNRESOLVED,-3.044167663333764,0.12989466205839095,UNRESOLVED
MAP2K1,MAP2K2,1128285899,1161411022,0.12999615939007006,0.7276326065694114,-1.419748810770285,0.9494587503608551,-1.3279188263689115,1.2752647580232708,1,2,2,1.2319968179497607,-2.6119800810567835,-0.04385757168103943,NEGATIVE,-2.664044517794895,0.008206865057072132,UNRESOLVED,-2.7681733912711177,0.11233573853329504,UNRESOLVED,-2.872302264747341,0.21646461200951794,UNRESOLVED
MAP2K1,MAP2K2,1128285899,1161408011,0.12999615939007006,0.7916590615941684,-2.108862095158105,0.9494587503608551,-2.081058565781489,2.12947804180116,1,2,2,1.2319968179497607,-3.361918497718123,-0.8001986338448546,NEGATIVE,-3.410781611704997,-0.751335519857981,NEGATIVE,-3.508507839678744,-0.6536092918842338,NEGATIVE,-3.6062340676524913,-0.5558830639104866,NEGATIVE
MAP2K1,MAP2K2,1128285887,1161407654,-0.4672143426067418,0.5181551370738514,0.8862499325978108,0.9494587503608551,1.7847678884915563,0.9657956631438536,1,2,2,1.2319968179497607,0.46037223522906556,3.109163541754047,POSITIVE,0.3679733999163355,3.201562377066777,POSITIVE,0.18317572929087556,3.386360047692237,POSITIVE,-0.0016219413345845979,3.5711577183176972,UNRESOLVED
MAP2K1,MAP2K2,1128285887,1161407191,-0.4672143426067418,0.5854735255105836,0.9266322303504477,0.9494587503608551,1.7578317978074611,0.9871808534057334,1,2,2,1.2319968179497607,0.4368020639668071,3.078861531648115,POSITIVE,0.3477691480759135,3.167894447539009,POSITIVE,0.16970331629412683,3.3459602793207956,POSITIVE,-0.008362515487660094,3.5240261111025823,UNRESOLVED
MAP2K1,MAP2K2,1128285887,1161411022,-0.4672143426067418,0.7276326065694114,0.7481122049902722,0.9494587503608551,1.4371526913884578,0.8771152644728433,1,2,2,1.2319968179497607,0.12323091160074506,2.7510744711761705,POSITIVE,0.041305949762793004,2.8329994330141224,POSITIVE,-0.12254397391311111,2.996849356690027,UNRESOLVED,-0.286393897589015,3.1606992803659306,UNRESOLVED
MAP2K1,MAP2K2,1128285887,1161408011,-0.4672143426067418,0.7916590615941684,1.254132445847925,0.9494587503608551,1.8791464772213535,1.1935083915210472,1,2,2,1.2319968179497607,0.5684260201848788,3.1898669342578283,POSITIVE,0.48970238109816444,3.2685905733445426,POSITIVE,0.33225510292473603,3.426037851517971,POSITIVE,0.17480782475130785,3.5834851296913994,POSITIVE
MAP2K1,MAP2K2,1128291502,1161407654,-0.24320821767783823,0.5181551370738514,-1.92768355708433,0.9494587503608551,-1.2531717261194881,0.7716714456098616,1,2,2,1.2319968179497607,-2.5663670731355337,0.06002362089655744,UNRESOLVED,-2.6475656022018184,0.14122214996284232,UNRESOLVED,-2.8099626603343886,0.3036192080954121,UNRESOLVED,-2.972359718466958,0.46601626622798165,UNRESOLVED
MAP2K1,MAP2K2,1128291502,1161407191,-0.24320821767783823,0.5854735255105836,-2.075393920682203,0.9494587503608551,-1.4682004781540932,0.9431782416528668,1,2,2,1.2319968179497607,-2.778029905748302,-0.15837105055988432,NEGATIVE,-2.8558625153927504,-0.08053844091543594,NEGATIVE,-3.011527734681647,0.0751267783734606,UNRESOLVED,-3.1671929539705435,0.23079199766235692,UNRESOLVED
MAP2K1,MAP2K2,1128291502,1161411022,-0.24320821767783823,0.7276326065694114,-1.81561889814476,0.9494587503608551,-1.3505845366754778,0.9548187441705026,1,2,2,1.2319968179497607,-2.6533060102167454,-0.04786306313421029,NEGATIVE,-2.724030665808252,0.022861592457296576,UNRESOLVED,-2.865479976991266,0.1643109036403103,UNRESOLVED,-3.0069292881742795,0.30576021482332405,UNRESOLVED
MAP2K1,MAP2K2,1128291502,1161408011,-0.24320821767783823,0.7916590615941684,-2.431973092405856,0.9494587503608551,-2.0309651859613314,1.5038988010009193,1,2,2,1.2319968179497607,-3.330485336751361,-0.7314450351713018,NEGATIVE,-3.39800866959163,-0.6639217023310326,NEGATIVE,-3.5330553352721683,-0.5288750366504946,NEGATIVE,-3.668102000952706,-0.3938283709699566,NEGATIVE
PRMT1,PRMT5,1114465942,1167472591,-2.300721650167544,-2.4040344650121277,-3.212073094596994,0.9494587503608551,2.442141770943533,0.36981563792961436,1,2,2,0.8039334938298504,1.3080245963186135,3.576258945568452,POSITIVE,0.9778409155235444,3.9064426263635212,POSITIVE,0.3174735539334059,4.5668099879536594,POSITIVE,-0.3428938076567323,5.227177349543798,UNRESOLVED
PRMT1,PRMT5,1114465989,1167472591,-1.601288020792619,-2.4040344650121277,-3.278264880935673,0.9494587503608551,1.676516355229929,0.2839512552090969,1,2,2,0.8039334938298504,0.5773708620737557,2.775661848386102,POSITIVE,0.28215886274743296,3.070873847712425,POSITIVE,-0.3082651359052129,3.6612978463650707,UNRESOLVED,-0.8986891345578587,4.251721845017716,UNRESOLVED
PRMT1,PRMT5,1114466734,1167472591,-0.8632976965339071,-2.4040344650121277,-3.303101807472018,0.9494587503608551,0.9136891044348721,0.17685732671963142,1,2,2,0.8039334938298504,-0.1485568725083657,1.9759350813781098,UNRESOLVED,-0.40686935562175286,2.234247564491497,UNRESOLVED,-0.9234943218485274,2.7508725307182713,UNRESOLVED,-1.4401192880753015,3.2674974969450457,UNRESOLVED
PRMT1,PRMT5,1114466155,1167472591,-1.729949299637241,-2.4040344650121277,-3.467494253263202,0.9494587503608551,1.615948261747022,0.26785591055875274,1,2,2,0.8039334938298504,0.5103697046486178,2.721526818845426,POSITIVE,0.20872464138006364,3.0231718821139806,POSITIVE,-0.39456548515704415,3.626462008651088,UNRESOLVED,-0.9978556116941519,4.229752135188196,UNRESOLVED
PRMT1,PRMT5,1114465942,1167472594,-2.300721650167544,-1.341391452050201,-2.218393600654586,0.9494587503608551,2.3731782519240143,0.4282918507371299,1,2,2,0.8039334938298504,1.292193227947191,3.4541632759008376,POSITIVE,1.0151416978002183,3.7312148060478103,POSITIVE,0.4610386375062727,4.285317866341756,POSITIVE,-0.09306442278767246,4.839420926635701,UNRESOLVED
PRMT1,PRMT5,1114465989,1167472594,-1.601288020792619,-1.341391452050201,-2.897218064760442,0.9494587503608551,0.9949201584432332,0.20549421273095825,1,2,2,0.8039334938298504,-0.051093184064843644,2.04093350095131,UNRESOLVED,-0.29317303274307016,2.2830133496295364,UNRESOLVED,-0.7773327300995232,2.76717304698599,UNRESOLVED,-1.261492427455976,3.2513327443424425,UNRESOLVED
PRMT1,PRMT5,1114466734,1167472594,-0.8632976965339071,-1.341391452050201,-2.450327951595879,0.9494587503608551,0.7038199473490843,0.17151252727113722,1,2,2,0.8039334938298504,-0.3052938789460571,1.7129337736442256,UNRESOLVED,-0.5104742114113481,1.9181141061095166,UNRESOLVED,-0.9208348763419298,2.3284747710400984,UNRESOLVED,-1.3311955412725118,2.7388354359706804,UNRESOLVED
PRMT1,PRMT5,1114466155,1167472594,-1.729949299637241,-1.341391452050201,-2.373825901759661,0.9494587503608551,1.6469736002886364,0.33136579965242763,1,2,2,0.8039334938298504,0.5945271938383283,2.6994200067389444,POSITIVE,0.3460142812178708,2.9479329193594017,POSITIVE,-0.15101154402304462,3.444958744600317,UNRESOLVED,-0.6480373692639596,3.9419845698412326,UNRESOLVED
PRMT1,PRMT5,1114465942,1167472269,-2.300721650167544,-2.2451664752890554,-2.84044665222245,0.9494587503608551,2.6549002235950048,0.41194418848118586,1,2,2,0.8039334938298504,1.5287264484562388,3.7810739987337705,POSITIVE,1.2064861671473235,4.103314280042686,POSITIVE,0.5620056045294923,4.747794842660517,POSITIVE,-0.08247495808833838,5.3922754052783475,UNRESOLVED
PRMT1,PRMT5,1114465989,1167472269,-1.601288020792619,-2.2451664752890554,-2.994974127014338,0.9494587503608551,1.8009391194281914,0.31345909724038745,1,2,2,0.8039334938298504,0.7097370257581717,2.892141213098211,POSITIVE,0.4224684259180025,3.1794098129383803,POSITIVE,-0.15206877376233607,3.7539470126187187,UNRESOLVED,-0.7266059734426742,4.328484212299057,UNRESOLVED
PRMT1,PRMT5,1114466734,1167472269,-0.8632976965339071,-2.2451664752890554,-2.040798258625423,0.9494587503608551,2.017124663558395,0.4028302205558307,1,2,2,0.8039334938298504,0.9628220861013108,3.0714272410154786,POSITIVE,0.7124530024740772,3.3217963246427127,POSITIVE,0.21171483521960988,3.82253449189718,POSITIVE,-0.28902333203485764,4.323272659151647,UNRESOLVED
PRMT1,PRMT5,1114466155,1167472269,-1.729949299637241,-2.2451664752890554,-3.190712671575863,0.9494587503608551,1.7338618537112886,0.29517399244218856,1,2,2,0.8039334938298504,0.6362266960990379,2.831497011323539,POSITIVE,0.3425250323166378,3.1251986751059393,POSITIVE,-0.24487829524816296,3.7126020026707405,UNRESOLVED,-0.8322816228129637,4.300005330235541,UNRESOLVED
PRMT1,PRMT5,1114465942,1167472257,-2.300721650167544,-1.7974386777679054,-2.275485187085543,0.9494587503608551,2.772133891210762,0.4622474429069543,1,2,2,0.8039334938298504,1.6683465059480533,3.8759212764734703,POSITIVE,1.3684926145151954,4.175775167906329,POSITIVE,0.7687848316494796,4.775482950772044,POSITIVE,0.16907704878376384,5.37519073363776,POSITIVE
PRMT1,PRMT5,1114465989,1167472257,-1.601288020792619,-1.7974386777679054,-2.07945918887757,0.9494587503608551,2.2687262600438096,0.42825191249181926,1,2,2,0.8039334938298504,1.1999105562498475,3.3375419638377717,POSITIVE,0.9350283462857356,3.6024241738018836,POSITIVE,0.4052639263575122,4.132188593730107,POSITIVE,-0.12450049357071125,4.66195301365833,UNRESOLVED
PRMT1,PRMT5,1114466734,1167472257,-0.8632976965339071,-1.7974386777679054,-2.425960290262795,0.9494587503608551,1.1842348343998728,0.2597203355471282,1,2,2,0.8039334938298504,0.15231864681884622,2.2161510219808993,POSITIVE,-0.07566404693232998,2.4441337157320753,UNRESOLVED,-0.5316294344346821,2.9000991032344277,UNRESOLVED,-0.9875948219370345,3.35606449073678,UNRESOLVED
PRMT1,PRMT5,1114466155,1167472257,-1.729949299637241,-1.7974386777679054,-2.304949814872195,0.9494587503608551,2.171896912893806,0.40025334394619044,1,2,2,0.8039334938298504,1.0966481451576129,3.247145680629999,POSITIVE,0.8253328712512702,3.518460954536342,POSITIVE,0.28270232343858437,4.0610915023490275,POSITIVE,-0.259928224374101,4.603722050161713,UNRESOLVED
SIRPB1,TRPS1,1046542498,1168925904,0.9512182668976921,0.7337109032185272,0.67446066485463,0.9494587503608551,-0.06100975490073424,0.28049512379142677,2,2,2,0.19340807020691597,-0.26529319329160844,0.14327368349013997,UNRESOLVED,-0.2761685614755667,0.15414905167409823,UNRESOLVED,-0.2979192978434832,0.17589978804201473,UNRESOLVED,-0.31967003421139967,0.1976505244099312,UNRESOLVED
SIRPB1,TRPS1,1046542458,1168924961,0.27644081289948735,0.6600699812957915,0.1869462012592203,0.9494587503608551,0.19989415742479655,0.20770237371502218,2,2,2,0.19340807020691597,-0.04163424810844099,0.44142256295803406,UNRESOLVED,-0.08975458343476256,0.48954289828435565,UNRESOLVED,-0.1859952540874057,0.5857835689369988,UNRESOLVED,-0.2822359247400488,0.6820242395896419,UNRESOLVED
AARD,ZNF572,1046659937,1047452336,0.5179011311496946,0.17207714452876707,-0.03644322262457724,0.9494587503608551,0.22303725205781622,0.18449004502260014,2,2,2,0.09713631944151954,0.06545397136413425,0.3806205327514982,POSITIVE,0.005007010111971827,0.44106749400366063,POSITIVE,-0.11588691239235305,0.5619614165079855,UNRESOLVED,-0.2367808348966779,0.6828553390123103,UNRESOLVED
AARD,ZNF572,1046659960,1047452390,1.175793045338584,0.49630849713948794,0.8146449444292898,0.9494587503608551,0.09200215231207287,0.13539991829970985,2,2,2,0.09713631944151954,-0.039108394539401486,0.22311269916354723,UNRESOLVED,-0.07308262194935627,0.257086926573502,UNRESOLVED,-0.1410310767692659,0.32503538139341165,UNRESOLVED,-0.20897953158917548,0.3929838362133212,UNRESOLVED
FAM135B,PTP4A3,1048807097,1049220563,0.35164862408898107,0.32505475048506344,-0.1224374143257511,0.9494587503608551,0.15031796146105947,0.12298823769518298,2,2,2,0.39903146169012804,-0.3098242065364519,0.6104601294585708,UNRESOLVED,-0.3709349128438352,0.6715708357659541,UNRESOLVED,-0.4931563254586018,0.7937922483807207,UNRESOLVED,-0.6153777380733683,0.9160136609954872,UNRESOLVED
FAM135B,PTP4A3,1048796221,1049220558,0.07522845418892699,0.9271362087647057,-0.33506219324702363,0.9494587503608551,-0.38796810583980124,0.4327331190045954,2,2,2,0.39903146169012804,-0.8318272094183332,0.055890997738730686,UNRESOLVED,-0.876654851306737,0.10071863962713457,UNRESOLVED,-0.9663101350835448,0.19037392340394232,UNRESOLVED,-1.0559654188603527,0.2800292071807501,UNRESOLVED
FBXO32,SNTB1,1047024526,1047291204,-0.01715423969548428,0.9872940929144058,-0.37657795821735585,0.9494587503608551,-0.3972590610754223,0.39549974665517285,2,2,2,0.4520456085458023,-0.8995270862517191,0.10500896410087446,UNRESOLVED,-0.9497495028822136,0.155231380731369,UNRESOLVED,-1.0501943361432027,0.25567621399235807,UNRESOLVED,-1.1506391694041915,0.3561210472533469,UNRESOLVED
FBXO32,SNTB1,1047013138,1047291201,0.5632375605945276,0.6149842558757963,0.4413051766862821,0.9494587503608551,0.21254211057681338,0.29491242312292854,2,2,1,0.4520456085458023,-0.27553828218155824,0.7006225033351849,UNRESOLVED,-0.3115730663941275,0.7366572875477543,UNRESOLVED,-0.3836426348192662,0.808726855972893,UNRESOLVED,-0.45571220324440487,0.8807964243980316,UNRESOLVED
FER1L6,SLC45A4,1047344859,1049180344,0.8455997553861934,0.8760048926369624,0.6810207657790166,0.9494587503608551,-0.09112513188328397,0.5139228797937376,2,2,2,0.27345389280930893,-0.37344466732752063,0.19119440356095269,UNRESOLVED,-0.38231030996244836,0.20006004619588041,UNRESOLVED,-0.4000415952323038,0.21779133146573587,UNRESOLVED,-0.41777288050215927,0.23552261673559133,UNRESOLVED
FER1L6,SLC45A4,1047346652,1049180275,-0.03560611870568134,0.6572861355824711,-0.05001961768178495,0.9494587503608551,0.2777591158022805,0.21746865349279512,2,2,2,0.27345389280930893,-0.059556651199274446,0.6150748828038355,UNRESOLVED,-0.12341852539152043,0.6789367569960815,UNRESOLVED,-0.2511422737760125,0.8066605053805735,UNRESOLVED,-0.3788660221605046,0.9343842537650656,UNRESOLVED
GPR20,SLC30A8,1046679532,1049204506,-0.0204967320946408,0.38918605523322414,0.2670469577710868,0.9494587503608551,0.8478163849933587,0.5540457282210139,2,2,2,0.04057061902183128,0.730734357092371,0.9648984128943463,POSITIVE,0.6542229482132147,1.0414098217735026,POSITIVE,0.5012001304549019,1.1944326395318154,POSITIVE,0.3481773126965893,1.347455457290128,POSITIVE
GPR20,SLC30A8,1046679961,1049204546,0.4711814501126616,0.25645486574942866,0.5712649352216526,0.9494587503608551,0.7930873697204175,0.6771109960376169,2,2,2,0.04057061902183128,0.6939526914556052,0.8922220479852297,POSITIVE,0.6353886322126242,0.9507861072282108,POSITIVE,0.5182605137266623,1.0679142257141727,POSITIVE,0.4011323952407002,1.1850423442001348,POSITIVE
GSDMC,SLA,1047935688,1048272235,1.0026074422747888,0.6297008387164281,0.0820242175886437,0.9494587503608551,-0.6008253130417183,1.611195155324429,2,2,2,0.6276908557379169,-1.2471614989575532,0.0455108728741167,UNRESOLVED,-1.2658068291354714,0.06415620305203473,UNRESOLVED,-1.3030974894913072,0.10144686340787079,UNRESOLVED,-1.3403881498471435,0.13873752376370685,UNRESOLVED
GSDMC,SLA,1047934723,1048273089,0.04404535343881952,0.46686984992109914,-0.19262549603629164,0.9494587503608551,0.2459180509646448,0.17717409505161988,2,2,2,0.6276908557379169,-0.45117291964136175,0.9430090215706514,UNRESOLVED,-0.5205730345094512,1.0124091364387409,UNRESOLVED,-0.6593732642456305,1.15120936617492,UNRESOLVED,-0.7981734939818097,1.2900095959110993,UNRESOLVED
HAS2,SAMD12,1046802114,1047096208,0.13333927307379342,1.0459528337391302,0.15363511689773393,0.9494587503608551,-0.07619823955433458,0.08349452916169972,2,2,2,0.007853038091334226,-0.12968195567893565,-0.022714523429733513,NEGATIVE,-0.1753126337122025,0.02291615460353333,UNRESOLVED,-0.26657398977873614,0.11417751067006701,UNRESOLVED,-0.3578353458452698,0.20543886673660067,UNRESOLVED
HAS2,SAMD12,1046815638,1047096197,0.27289969432597594,0.12587537217436814,-0.637475526667691,0.9494587503608551,-0.08679184280717989,0.05785573478042991,2,2,2,0.007853038091334226,-0.16965200260958244,-0.0039316830047773366,NEGATIVE,-0.24465912432065076,0.07107543870629099,UNRESOLVED,-0.39467336774278744,0.22108968212842767,UNRESOLVED,-0.5446876111649239,0.3711039255505642,UNRESOLVED
HHLA1,RNF139,1047394797,1048167884,-0.32359964079969145,-0.38715864120175014,-0.7946205469092125,0.9494587503608551,0.8655964854530842,0.3316873656044158,2,2,2,0.6996441301856436,0.03546856613128291,1.6957244047748854,POSITIVE,-0.09501522300487464,1.826208193911043,UNRESOLVED,-0.35598280127718995,2.0871757721833584,UNRESOLVED,-0.616950379549505,2.3481433504556737,UNRESOLVED
HHLA1,RNF139,1047394762,1048169055,0.6148764737425678,0.3237796087692306,-0.08901318386048569,0.9494587503608551,-0.07821051601142903,0.08144710859801754,2,2,2,0.6996441301856436,-0.8258677171075682,0.6694466850847102,UNRESOLVED,-0.8738807880180639,0.7174597559952058,UNRESOLVED,-0.969906929839055,0.813485897816197,UNRESOLVED,-1.0659330716600461,0.9095120396371881,UNRESOLVED
KCNK9,RAD21,1046652599,1048980850,-0.7431259128022416,-0.07967442237463493,-1.8985720633448482,0.9494587503608551,-0.1263129778071166,0.0464092846587875,2,2,2,0.10259611628153638,-0.3649949858835823,0.11236903026934913,UNRESOLVED,-0.5010808776785116,0.24845492206427844,UNRESOLVED,-0.7732526612683703,0.5206267056541372,UNRESOLVED,-1.045424444858229,0.7927984892439959,UNRESOLVED
KCNK9,RAD21,1046652881,1048980833,-1.0658520206816815,0.07425662096902463,-1.9289668631004635,0.9494587503608551,0.012087286973048506,0.0041817100941608345,2,2,2,0.10259611628153638,-0.23503447433020624,0.25920904827630326,UNRESOLVED,-0.3795601193519246,0.4037346932980216,UNRESOLVED,-0.6686114093953613,0.6927859833414584,UNRESOLVED,-0.9576626994387981,0.9818372733848951,UNRESOLVED
KCNQ3,PTK2,1048178032,1049117542,-0.2595164697465658,-0.4240078005540546,-1.153262410539813,0.9494587503608551,0.47972061012166245,0.18576241118178313,2,2,2,0.4051527755205224,-0.05455425394997648,1.0139954741933015,UNRESOLVED,-0.183676342501093,1.143117562744418,UNRESOLVED,-0.4419205196033261,1.4013617398466511,UNRESOLVED,-0.700164696705559,1.659605916948884,UNRESOLVED
KCNQ3,PTK2,1048179774,1049113811,0.30465150684931497,-0.4283758693381565,-1.1400061092578095,0.9494587503608551,-0.06682299640811284,0.033037483117275286,2,2,2,0.4051527755205224,-0.5731078650891629,0.4394618722729372,UNRESOLVED,-0.6742399582496905,0.5405939654334648,UNRESOLVED,-0.8765041445707458,0.7428581517545201,UNRESOLVED,-1.078768330891801,0.9451223380755753,UNRESOLVED
KHDRBS3,ST3GAL1,1048331816,1048561957,0.06099867028772664,0.16115563701407185,-0.6138048790343982,0.9494587503608551,0.11349956402465844,0.06768968001567693,2,2,2,0.3065378308021358,-0.276876426448473,0.5038755544977899,UNRESOLVED,-0.3607145861194686,0.5877137141687855,UNRESOLVED,-0.5283909054614598,0.7553900335107767,UNRESOLVED,-0.696067224803451,0.9230663528527678,UNRESOLVED
KHDRBS3,ST3GAL1,1048331802,1048562575,-0.08534644820048926,0.22798597763784617,-0.27980578828675845,0.9494587503608551,0.5270134326367397,0.30007404366140206,2,2,2,0.3065378308021358,0.13266170327038623,0.9213651620030932,POSITIVE,0.04484780470616856,1.0091790605673108,POSITIVE,-0.1307799924222668,1.1848068576957462,UNRESOLVED,-0.30640778955070214,1.3604346548241817,UNRESOLVED
KLHL38,POU5F1B,1047305865,1047697268,-0.10010687008842134,0.09773287986994206,-0.9909591808151035,0.9494587503608551,-0.039126440235769055,0.02057887516049473,2,2,2,0.6353265565306526,-0.7695175713134311,0.691264690841893,UNRESOLVED,-0.8645821458604407,0.7863292653889026,UNRESOLVED,-1.0547112949544597,0.9764584144829215,UNRESOLVED,-1.2448404440484784,1.1665875635769405,UNRESOLVED
KLHL38,POU5F1B,1047305875,1047697293,0.1770489752444824,0.4281349497926744,0.4736425177005524,0.9494587503608551,0.8179173430242507,0.6322146679941162,2,2,2,0.6353265565306526,0.11790410770937043,1.517930578339131,POSITIVE,0.053217428925142696,1.5826172571233585,POSITIVE,-0.07615592864331255,1.711990614691814,UNRESOLVED,-0.20552928621176803,1.8413639722602695,UNRESOLVED
LRRC6,PHF20L1,1048230263,1048246195,0.2489953748789704,0.641457944853006,0.3267807795514439,0.9494587503608551,0.38578621018032266,0.3825482525335721,2,2,2,0.6042861973482684,-0.26892319621743244,1.0404956165780779,UNRESOLVED,-0.31934640526691915,1.0909188256275644,UNRESOLVED,-0.4201928233658925,1.1917652437265378,UNRESOLVED,-0.5210392414648659,1.2926116618255112,UNRESOLVED
LRRC6,PHF20L1,1048232947,1048244445,0.7712331892856132,1.017853337472785,0.4102430741965513,0.9494587503608551,-0.4293847022009918,1.7410771397116809,2,2,2,0.6042861973482684,-1.0460019069586188,0.18723250255663515,UNRESOLVED,-1.0583329143679774,0.1995635099659938,UNRESOLVED,-1.0829949291866945,0.22422552478471092,UNRESOLVED,-1.1076569440054116,0.24888753960342813,UNRESOLVED
MAL2,OC90,1046871352,1048163484,-0.3800477866487768,0.3417101108568465,-0.804841543701897,0.9494587503608551,0.18295488245088842,0.09444025994559019,2,2,2,0.03193073836958337,0.05416138525562303,0.3117483796461538,POSITIVE,-0.042701373570059015,0.40861113847183583,UNRESOLVED,-0.23642689122142307,0.6023366561232,UNRESOLVED,-0.43015240887278705,0.7960621737745639,UNRESOLVED
MAL2,OC90,1046872754,1048163491,0.4704999249714763,0.1512043714892645,-0.18787354739632342,0.9494587503608551,0.13988090650379092,0.1095204042967359,2,2,2,0.03193073836958337,0.044089507921159066,0.23567230508642278,POSITIVE,-0.019771152291889416,0.29953296529947127,UNRESOLVED,-0.14749247271798638,0.42725428572556823,UNRESOLVED,-0.27521379314408334,0.5549756061516652,UNRESOLVED
MED30,NSMCE2,1046712050,1047488806,-3.2436771287656287,0.2008457754212746,-2.8645418231626643,0.9494587503608551,1.127748280542545,0.22820833551964814,2,8,2,0.3043650824261257,0.5762957554131161,1.6792008056719738,POSITIVE,0.3292083127098129,1.926288248375277,POSITIVE,-0.1649665726967935,2.420463133781883,UNRESOLVED,-0.6591414581033999,2.91463801918849,UNRESOLVED
MED30,NSMCE2,1046712047,1047469191,-2.687768985865268,0.06556640111696291,-2.854495925774123,0.9494587503608551,0.7171654093350369,0.15862560511052662,2,8,2,0.3043650824261257,0.18674432263541052,1.2475864960346632,POSITIVE,-0.03931168163809029,1.4736425003081641,UNRESOLVED,-0.4914236901850918,1.9257545088551655,UNRESOLVED,-0.9435356987320932,2.377866517402167,UNRESOLVED
FAM91A1,NDUFB9,1047320367,1047400134,0.46525952222785294,-0.5787060476269199,-0.7370275853104085,0.9494587503608551,0.32587769044951354,0.16193774397652402,2,2,2,0.43118714878990905,-0.20592765964643434,0.8576830405454614,UNRESOLVED,-0.30654586095247327,0.9583012418515003,UNRESOLVED,-0.507782263564551,1.159537644463578,UNRESOLVED,-0.7090186661766287,1.3607740470756557,UNRESOLVED
FAM91A1,NDUFB9,1047321232,1047400605,0.8166231613657592,-0.48643042370045164,-0.8750518171737409,0.9494587503608551,-0.2557858044781933,0.1630533351050293,2,2,2,0.43118714878990905,-0.7654091914209225,0.2538375824645358,UNRESOLVED,-0.8438454295737426,0.332273820617356,UNRESOLVED,-1.000717905879383,0.48914629692299627,UNRESOLVED,-1.157590382185023,0.6460187732286364,UNRESOLVED
MRPL13,NDRG1,1046988818,1048301817,0.7942993846830742,0.6929638057954777,0.03250669571456216,0.9494587503608551,-0.5052977444031346,1.2274807571057915,2,2,2,0.0884803521041643,-0.6143608120194568,-0.39623467678681235,NEGATIVE,-0.6349435275316148,-0.3756519612746544,NEGATIVE,-0.6761089585559306,-0.3344865302503386,NEGATIVE,-0.7172743895802465,-0.29332109922602273,NEGATIVE
MRPL13,NDRG1,1046989301,1048302531,0.6770824030318852,0.3925731349540297,-0.26574259699908603,0.9494587503608551,-0.3859393846241459,0.46540104570925195,2,2,2,0.0884803521041643,-0.5158828348651,-0.2559959343831918,NEGATIVE,-0.5573459330018897,-0.21453283624640204,NEGATIVE,-0.6402721292754693,-0.13160663997282251,NEGATIVE,-0.7231983255490488,-0.04868044369924296,NEGATIVE
FAM83A,SQLE,1047252909,1047454914,0.32152070147755785,-0.017674939991052088,-0.4805751465164673,0.9494587503608551,0.165037842357882,0.10346734776770188,2,2,2,0.03007553379021222,0.05520872160590955,0.2748669631098544,POSITIVE,-0.02454486535585068,0.35462055007161464,UNRESOLVED,-0.18405203927937114,0.5141277239951352,UNRESOLVED,-0.3435592132028916,0.6736348979186556,UNRESOLVED
FAM83A,SQLE,1047251187,1047455288,0.330076670108073,0.39234206649576986,-0.10257351065477877,0.9494587503608551,0.1244665031022335,0.10579399392362121,2,2,2,0.03007553379021222,0.035566031106127924,0.21336697509833907,POSITIVE,-0.02325890709976544,0.2721919133042324,UNRESOLVED,-0.14090878351155217,0.3898417897160192,UNRESOLVED,-0.2585586599233389,0.5074916661278059,UNRESOLVED
ENPP2,TAF2,1046910339,1046922450,0.2075314303147625,-0.7766773198871112,-1.367526824052246,0.9494587503608551,0.1510778158809577,0.06121310193048057,2,2,2,0.03679730395014703,-0.009122657583892302,0.3112782893458077,UNRESOLVED,-0.13252582709859528,0.4346814588605107,UNRESOLVED,-0.37933216612800125,0.6814877978899166,UNRESOLVED,-0.6261385051574071,0.9282941369193225,UNRESOLVED
ENPP2,TAF2,1046908566,1046926523,-0.30461297847347374,-0.4811159393963464,-1.534470969373666,0.9494587503608551,0.20071669885700927,0.07476466825091739,2,2,2,0.03679730395014703,0.029687073977285733,0.3717463237367328,POSITIVE,-0.10454524695229078,0.5059786446663093,UNRESOLVED,-0.3730098888114438,0.7744432865254623,UNRESOLVED,-0.6414745306705968,1.0429079283846154,UNRESOLVED
ADCY8,AGO2,1048064302,1049097396,0.4614041019935968,0.569799116057528,0.370976089631864,0.9494587503608551,0.28923162194159435,0.33332587433206595,2,2,2,0.14057307761949983,0.10527283018856526,0.47319041369462345,POSITIVE,0.06188711605503597,0.5165761278281528,POSITIVE,-0.024884312212022586,0.6033475560952113,UNRESOLVED,-0.11165574047908111,0.6901189843622698,UNRESOLVED
ADCY8,AGO2,1048072710,1049098440,0.15889955353173715,-0.20201199673419454,-0.5137090878506406,0.9494587503608551,0.47886210571267196,0.2465781267744297,2,2,2,0.14057307761949983,0.24118753089696376,0.7165366805283802,POSITIVE,0.14408603370075534,0.8136381777245886,POSITIVE,-0.05011696069166138,1.0078411721170053,UNRESOLVED,-0.2443199550840781,1.2020441665094221,UNRESOLVED
ANXA13,TRMT12,1047311830,1047390973,0.37241194945370687,-0.1370192003669336,-0.1329911505312708,0.9494587503608551,0.5810748507428111,0.3493033994064242,2,2,2,0.08321048695706959,0.41468812620399464,0.7474615752816275,POSITIVE,0.3315118886222478,0.8306378128633743,POSITIVE,0.16515941345875407,0.9969902880268681,POSITIVE,-0.0011930617047396508,1.1633427631903617,UNRESOLVED
ANXA13,TRMT12,1047312289,1047391038,0.4335082639139011,0.09678805062935693,0.049663005837031565,0.9494587503608551,0.4688254416546287,0.34255310847825743,2,2,2,0.08321048695706959,0.3171838953886365,0.6204669879206208,POSITIVE,0.24875283607971388,0.6888980472295435,POSITIVE,0.11189071746186863,0.8257601658473888,POSITIVE,-0.024971401155976625,0.962622284465234,UNRESOLVED
ASAP1,ZHX2,1047225472,1047978197,0.28353604144312833,0.3428230591744341,0.037605504561585845,0.9494587503608551,0.3607051543048785,0.28344880225171426,2,2,2,0.26682095042801646,0.030256283871654632,0.6911540247381023,POSITIVE,-0.03337163613355276,0.7547819447433097,UNRESOLVED,-0.16062747614396755,0.8820377847537245,UNRESOLVED,-0.28788331615438234,1.0092936247641393,UNRESOLVED
ASAP1,ZHX2,1047225439,1047984070,0.2728635052418791,0.345516599679337,-0.3303100221316801,0.9494587503608551,0.0007686233079589044,0.0006002349564172,2,2,2,0.26682095042801646,-0.33007919691008225,0.33161644352600006,UNRESOLVED,-0.39410606670010695,0.39564331331602476,UNRESOLVED,-0.5221598062801565,0.5236970528960743,UNRESOLVED,-0.6502135458602059,0.6517507924761237,UNRESOLVED
ATAD2,ZHX1,1047260532,1047270069,-0.21695768766700013,-0.6678624425110283,-0.1553165739871577,0.9494587503608551,1.6789623065517258,0.6031323814123475,2,2,2,1.013307047114802,0.526468377891937,2.8314562352115145,POSITIVE,0.38728149634694997,2.9706431167565017,POSITIVE,0.10890773325697611,3.249016879846476,POSITIVE,-0.16946602983299774,3.5273906429364494,UNRESOLVED
ATAD2,ZHX1,1047260519,1047274616,0.25067569058594913,0.0318543150098659,-0.35489891779621174,0.9494587503608551,0.3120298269688283,0.19304147545667896,2,2,2,1.013307047114802,-0.7820965949022686,1.4061562488399253,UNRESOLVED,-0.8629159696585632,1.4869756235962197,UNRESOLVED,-1.0245547191711526,1.6486143731088094,UNRESOLVED,-1.1861934686837423,1.8102531226213991,UNRESOLVED
C8orf76,ZFAT,1047258821,1048459417,-0.0296770841545578,1.1880220658398677,0.17052242788220065,0.9494587503608551,-0.038363803442254096,0.031505157445851646,2,1,2,0.0856440621940556,-0.18489282313603098,0.10816521625152278,UNRESOLVED,-0.24577778063575223,0.16905017375124404,UNRESOLVED,-0.3675476956351948,0.2908200887506866,UNRESOLVED,-0.4893176106346373,0.4125900037501291,UNRESOLVED
C8orf76,ZFAT,1047258100,1048458841,0.46758950557092044,0.9451745626099901,0.3094092572699426,0.9494587503608551,-0.15389606055011273,0.3165586217211317,2,2,2,0.0856440621940556,-0.2638477943712083,-0.043944326729017144,NEGATIVE,-0.2881554659982483,-0.019636655101977152,NEGATIVE,-0.3367708092523283,0.028978688152102805,UNRESOLVED,-0.3853861525064083,0.07759403140618279,UNRESOLVED
CHRAC1,WDYHV1,1047279947,1049090676,-0.07796831244194649,-0.2285409513831419,-0.9869695837873663,0.9494587503608551,0.2689984303985772,0.12197114623021939,2,2,2,0.24966840024125633,-0.0909413080700191,0.6289381688671735,UNRESOLVED,-0.20121264629735902,0.7392095070945134,UNRESOLVED,-0.42175532275203886,0.9597521835491932,UNRESOLVED,-0.6422979992067187,1.180294860003873,UNRESOLVED
CHRAC1,WDYHV1,1047279944,1049090700,0.2722411096496833,-0.026521501938684952,-0.0979426544592166,0.9494587503608551,0.6057964881906402,0.36643918477744813,2,2,2,0.24966840024125633,0.2734681932988483,0.9381247830824322,POSITIVE,0.19080829864831272,1.0207846777329679,POSITIVE,0.02548850934724145,1.186104467034039,POSITIVE,-0.1398312799538297,1.3514242563351102,UNRESOLVED
COL14A1,WASHC5,1046970364,1047461267,0.4051602782433378,0.457094787162139,-0.43023134167416005,0.9494587503608551,-0.34302765671878177,0.3308961963246419,2,2,2,0.8313710955486706,-1.226231874033264,0.5401765605957005,UNRESOLVED,-1.2780649957990757,0.5920096823615122,UNRESOLVED,-1.381731239330699,0.6956759258931355,UNRESOLVED,-1.4853974828623224,0.7993421694247589,UNRESOLVED
COL14A1,WASHC5,1046973414,1047462096,0.02393191355658004,0.03664522226029261,-0.11040502797574056,0.9494587503608551,0.7784765865682419,0.4234670583477832,2,2,2,0.8313710955486706,-0.1448115272256706,1.7017647003621543,UNRESOLVED,-0.2367285454709125,1.7936817186073963,UNRESOLVED,-0.4205625819613963,1.9775157550978801,UNRESOLVED,-0.6043966184518799,2.1613497915883637,UNRESOLVED
COL22A1,UTP23,1046644161,1048881884,-1.6410366079558276,0.7944496428956269,-1.84517847239854,0.9494587503608551,-0.049132756977484204,0.017895711913727064,2,2,2,0.9287144319762958,-1.1151224122428756,1.0168568982879072,UNRESOLVED,-1.252397635531971,1.1541321215770026,UNRESOLVED,-1.5269480821101622,1.4286825681551938,UNRESOLVED,-1.8014985286883534,1.703233014733385,UNRESOLVED
COL22A1,UTP23,1046644180,1048881821,-1.224382093436615,-0.04241947022212046,-1.012574465875942,0.9494587503608551,1.2036858481436488,0.3802251001003523,2,2,2,0.9287144319762958,0.11668546294833071,2.290686233338967,POSITIVE,-0.04160049027069168,2.448972186557989,UNRESOLVED,-0.35817239670873624,2.7655440929960338,UNRESOLVED,-0.6747443031467808,3.0821159994340785,UNRESOLVED
COLEC10,TRIB1,1046858817,1047499554,0.36068136307389675,-0.3904647270647702,-0.5359520418520696,0.9494587503608551,0.443290072499659,0.22983868603476693,2,2,2,0.21282190787050423,0.13403312139352558,0.7525470236057925,POSITIVE,0.0375980781578964,0.8489820668414216,POSITIVE,-0.15527200831336196,1.0418521533126799,UNRESOLVED,-0.3481420947846203,1.2347222397839384,UNRESOLVED
COLEC10,TRIB1,1046858822,1047500060,0.4020484484170758,-0.9031802673201337,-0.7202076762185852,0.9494587503608551,0.7303828930453278,0.30431995170812504,2,2,2,0.21282190787050423,0.39755851919358515,1.0632072668970705,POSITIVE,0.2775560532123467,1.1832097328783089,POSITIVE,0.03755112124986992,1.4232146648407857,POSITIVE,-0.20245381071260693,1.6632195968032626,UNRESOLVED
DENND3,TATDN1,1047396460,1049172146,-0.24803418561307122,-0.3095151859004644,-0.6225520113758742,0.9494587503608551,0.8844561104985165,0.36005212221474475,2,2,2,0.31565734666506123,0.44597542022169295,1.32293680077534,POSITIVE,0.3231520766099307,1.4457601443871022,POSITIVE,0.07750538938640616,1.6914068316106268,POSITIVE,-0.1681412978371184,1.9370535188341513,UNRESOLVED
DENND3,TATDN1,1047397556,1049171673,-0.19362367720201584,0.1556685128765623,-0.5287737311607603,0.9494587503608551,0.45864018352554836,0.23679418466798396,2,2,2,0.31565734666506123,0.046139203608128954,0.8711411634429678,POSITIVE,-0.050704429644229276,0.967984796695326,UNRESOLVED,-0.24439169614894574,1.1616720632000423,UNRESOLVED,-0.438078962653662,1.3553593297047586,UNRESOLVED
DEPTOR,TRAPPC9,1046948919,1049076117,0.3791614878369485,-0.030137546504728108,-0.22845351720371423,0.9494587503608551,0.37198129182492057,0.24000441163936814,2,2,2,0.06931029596943591,0.22517631788601017,0.5187862657638309,POSITIVE,0.14768163991653566,0.5962809437333054,POSITIVE,-0.007307716022413313,0.7512702996722544,UNRESOLVED,-0.16229707196136223,0.9062596556112034,UNRESOLVED
DEPTOR,TRAPPC9,1046944909,1049082024,0.19704034213407018,-0.6094269486417072,-0.8963657567076269,0.9494587503608551,0.4654796001608654,0.2013926244949456,2,2,2,0.06931029596943591,0.2806040988299621,0.6503551014917688,POSITIVE,0.16503889346849476,0.7659203068532361,POSITIVE,-0.06609151725443996,0.9970507175761708,UNRESOLVED,-0.2972219279773747,1.2281811282991055,UNRESOLVED
DERL1,TNFRSF11B,1046847354,1047235931,-0.13133849963016975,-0.2924718449875066,-0.8184990743998186,0.9494587503608551,0.5547700205787129,0.23884417698434768,2,2,2,0.306419925924481,0.13221370238726265,0.9773263387701632,POSITIVE,0.016077310120293342,1.0934627310371325,POSITIVE,-0.2161954744136454,1.3257355155710713,UNRESOLVED,-0.4484682589475839,1.5580083001050098,UNRESOLVED
DERL1,TNFRSF11B,1046847365,1047233872,0.1741562510045912,0.001957332116890871,-0.6319299637717906,0.9494587503608551,0.14141520346758252,0.08208432893777383,2,2,2,0.306419925924481,-0.2511449183369099,0.5339753252720749,UNRESOLVED,-0.3372851142169213,0.6201155211520863,UNRESOLVED,-0.509565505976944,0.7923959129121091,UNRESOLVED,-0.6818458977369669,0.964676304672132,UNRESOLVED
DSCC1,TMEM71,1046932194,1048242011,0.5203523275890946,0.5800437865756725,0.16532052577086215,0.9494587503608551,0.01438316196695033,0.018012243891134223,2,2,2,0.238754404845723,-0.26429731220661984,0.2930636361405205,UNRESOLVED,-0.304223381534467,0.33298970546836765,UNRESOLVED,-0.38407552019016133,0.412841844124062,UNRESOLVED,-0.46392765884585563,0.4926939827797563,UNRESOLVED
DSCC1,TMEM71,1046932498,1048241996,-0.26590632648706203,-0.13174092464853793,-1.0106475598239564,0.9494587503608551,0.3364584416724987,0.14650509697163702,2,2,2,0.238754404845723,-0.01712420076608978,0.6900410841110872,UNRESOLVED,-0.13195243835895532,0.8048693217039528,UNRESOLVED,-0.3616089135446864,1.034525796889684,UNRESOLVED,-0.5912653887304173,1.2641822720754148,UNRESOLVED
EFR3A,TMEM65,1047381832,1048157193,0.031524652977033496,-0.2864599723010204,-0.893939513553691,0.9494587503608551,0.31045455613115114,0.14413916923281897,2,2,2,0.011503318793850999,0.19125859633501527,0.429650515927287,POSITIVE,0.0835659553327304,0.5373431569295719,POSITIVE,-0.13181932667183938,0.7527284389341417,UNRESOLVED,-0.347204608676409,0.9681137209387113,UNRESOLVED
EFR3A,TMEM65,1047381823,1048157201,0.012069254148530245,-1.0513749476756906,-1.6627921232973324,0.9494587503608551,0.32597232059068304,0.1109419873986172,2,2,2,0.011503318793850999,0.16755784208438848,0.48438679909697757,POSITIVE,0.02064668237194489,0.6312979588094212,POSITIVE,-0.27317563705294223,0.9251202782343083,UNRESOLVED,-0.5669979564778292,1.2189425976591952,UNRESOLVED
EIF3H,TG,1046634509,1048253663,-0.5366912156072224,0.1260369088665723,-0.8810050786851881,0.9494587503608551,0.47910797841631725,0.20744450415799653,2,7,1,0.18548125615131927,0.17814813189187995,0.7800678249407546,POSITIVE,0.06266954151876192,0.8955464153138726,POSITIVE,-0.16828763922747414,1.1265035960601086,UNRESOLVED,-0.3992448199737102,1.3574607768063447,UNRESOLVED
EIF3H,TG,1046634505,1048256165,-0.18802550398560117,0.2860266723794449,-0.6225603902110466,0.9494587503608551,0.2288971917559648,0.12710040308207546,2,8,2,0.18548125615131927,-0.04662988101174781,0.5044242645236774,UNRESOLVED,-0.13667569762814114,0.5944700811400707,UNRESOLVED,-0.3167673308609278,0.7745617143728574,UNRESOLVED,-0.49685896409371444,0.954653347605644,UNRESOLVED
EXT1,TBC1D31,1046770208,1047241515,0.07377055486495544,0.6233279801990957,-0.5678538870698695,0.9494587503608551,-0.31549367177306564,0.262513473982682,2,2,2,0.42341917066183093,-0.7990037907177796,0.16801644717164826,UNRESOLVED,-0.8590947390006625,0.22810739545453118,UNRESOLVED,-0.9792766355664284,0.3482892920202971,UNRESOLVED,-1.0994585321321941,0.46847118858606296,UNRESOLVED
EXT1,TBC1D31,1046770185,1047242206,-0.04604161308253136,0.3460116825348163,-0.3937977166883391,0.9494587503608551,0.2556909642202312,0.15991205165340225,2,2,2,0.42341917066183093,-0.247675578005071,0.7590575064455334,UNRESOLVED,-0.3276229495685423,0.8390048780090047,UNRESOLVED,-0.48751769269548484,0.9988996211359472,UNRESOLVED,-0.6474124358224274,1.1587943642628897,UNRESOLVED
MTBP,MYC,1046990361,1047732517,0.21997780374951859,-2.552391926749561,-2.1042476822143703,0.9494587503608551,1.1776251911465274,0.27831077681184524,2,2,4,0.05191641226238504,0.9141421976980548,1.441108184595,POSITIVE,0.7025756165119672,1.6526747657810876,POSITIVE,0.27944245413979185,2.075807928153263,POSITIVE,-0.14369070823238328,2.498941090525438,UNRESOLVED
MTBP,MYC,1046990818,1047732605,-0.4954456334171624,-2.057422317172284,-2.394735790476086,0.9494587503608551,1.1075909104742152,0.2487970102305814,2,2,4,0.05191641226238504,0.8330852256462724,1.382096595302158,POSITIVE,0.6104959530807146,1.6046858678677158,POSITIVE,0.16531740794959882,2.0498644129988315,POSITIVE,-0.27986113718151673,2.495042958129947,UNRESOLVED
MTSS1,MTSS1,1047403166,1047403624,-0.0480356049341335,-0.2494090206954333,-0.5846603658892162,0.9494587503608551,0.6622430101012058,0.30151813407990324,2,2,2,0.0,0.552424903783642,0.7720611164187696,POSITIVE,0.44260679746607806,0.8818792227363335,POSITIVE,0.22297058483095034,1.1015154353714611,POSITIVE,0.0033343721958226658,1.3211516480065888,POSITIVE
