gene_a,gene_b,guide_a,guide_b,m_ab,m_a0,m_0b,n_double,n_single_a,n_single_b,mu
BCL2L1,MCL1,1171994543,914758331,-0.8128563753123115,0.19107404301139466,0.9967536212725142,1,2,2,0.9494587503608551
BCL2L1,MCL1,1171994543,914758312,-1.255092281193036,0.19107404301139466,0.7626212861121809,1,2,2,0.9494587503608551
BCL2L1,MCL1,1171994543,914758358,-1.234286190064974,0.19107404301139466,0.5990398680554515,1,2,2,0.9494587503608551
BCL2L1,MCL1,1171994543,914758316,-0.3017894443723714,0.19107404301139466,0.7823807709051706,1,2,2,0.9494587503608551
BCL2L1,MCL1,1171994567,914758331,-1.175295037484814,0.04575679374084588,0.9967536212725142,1,2,2,0.9494587503608551
BCL2L1,MCL1,1171994567,914758312,-1.278893151520124,0.04575679374084588,0.7626212861121809,1,2,2,0.9494587503608551
BCL2L1,MCL1,1171994567,914758358,-1.064231007055517,0.04575679374084588,0.5990398680554515,1,2,2,0.9494587503608551
BCL2L1,MCL1,1171994567,914758316,-0.5729440729560568,0.04575679374084588,0.7823807709051706,1,2,2,0.9494587503608551
BCL2L1,MCL1,1171994553,914758331,-0.8992515113285869,-0.3571239722717434,0.9967536212725142,1,2,2,0.9494587503608551
BCL2L1,MCL1,1171994553,914758312,-1.481344928317342,-0.3571239722717434,0.7626212861121809,1,2,2,0.9494587503608551
BCL2L1,MCL1,1171994553,914758358,-1.831806712825998,-0.3571239722717434,0.5990398680554515,1,2,2,0.9494587503608551
BCL2L1,MCL1,1171994553,914758316,-1.174104785933755,-0.3571239722717434,0.7823807709051706,1,2,2,0.9494587503608551
BCL2L1,MCL1,1171994566,914758331,-0.8328492694184408,0.1916972123836776,0.9967536212725142,1,2,2,0.9494587503608551
BCL2L1,MCL1,1171994566,914758312,-1.081295411442637,0.1916972123836776,0.7626212861121809,1,2,2,0.9494587503608551
BCL2L1,MCL1,1171994566,914758358,-1.256586328379148,0.1916972123836776,0.5990398680554515,1,2,2,0.9494587503608551
BCL2L1,MCL1,1171994566,914758316,-0.4297622359724565,0.1916972123836776,0.7823807709051706,1,2,2,0.9494587503608551
BRAF,RBM14,1033379492,1084053576,-2.35141409637225,-0.4092464768578173,-1.9489434367193612,1,2,6,0.9494587503608551
BRAF,RBM14,1033379492,1084053605,-1.946010377568202,-0.4092464768578173,-1.5359606182598502,1,2,5,0.9494587503608551
BRAF,RBM14,1033379562,1084053576,-0.9613099121933182,-0.28152570775439645,-1.9489434367193612,1,2,6,0.9494587503608551
BRAF,RBM14,1033379562,1084053605,-1.448615979726996,-0.28152570775439645,-1.5359606182598502,1,2,5,0.9494587503608551
BRAF,RBM14,1033379490,1084053576,-2.093483040018965,-0.1764766090431561,-1.9489434367193612,1,2,6,0.9494587503608551
BRAF,RBM14,1033379490,1084053605,-2.260492720251084,-0.1764766090431561,-1.5359606182598502,1,2,5,0.9494587503608551
BRAF,RBM14,1033390638,1084053576,-2.467824935191763,-1.0373317379027966,-1.9489434367193612,1,2,6,0.9494587503608551
BRAF,RBM14,1033390638,1084053605,-2.86329152932863,-1.0373317379027966,-1.5359606182598502,1,2,5,0.9494587503608551
EGFR,BRAF,1024980888,1033379492,-1.213155372134099,0.11426626065557273,-0.4092464768578173,1,2,2,0.9494587503608551
EGFR,BRAF,1024980888,1033379562,-1.707268755222701,0.11426626065557273,-0.28152570775439645,1,2,2,0.9494587503608551
EGFR,BRAF,1024980888,1033379490,-1.211132440816471,0.11426626065557273,-0.1764766090431561,1,2,2,0.9494587503608551
EGFR,BRAF,1024980888,1033390638,-2.563501818842863,0.11426626065557273,-1.0373317379027966,1,2,2,0.9494587503608551
EGFR,BRAF,1024965420,1033379492,-1.30824133013425,0.054711288886727785,-0.4092464768578173,1,2,2,0.9494587503608551
EGFR,BRAF,1024965420,1033379562,-2.377654177723888,0.054711288886727785,-0.28152570775439645,1,2,2,0.9494587503608551
EGFR,BRAF,1024965420,1033379490,-1.636860224685724,0.054711288886727785,-0.1764766090431561,1,2,2,0.9494587503608551
EGFR,BRAF,1024965420,1033390638,-2.509784920533573,0.054711288886727785,-1.0373317379027966,1,2,2,0.9494587503608551
EGFR,BRAF,1024979188,1033379492,-1.479957909156297,0.15701961413885807,-0.4092464768578173,1,2,2,0.9494587503608551
EGFR,BRAF,1024979188,1033379562,-1.593154399038247,0.15701961413885807,-0.28152570775439645,1,2,2,0.9494587503608551
EGFR,BRAF,1024979188,1033379490,-0.4995865556554364,0.15701961413885807,-0.1764766090431561,1,2,2,0.9494587503608551
EGFR,BRAF,1024979188,1033390638,-2.32717806425829,0.15701961413885807,-1.0373317379027966,1,2,2,0.9494587503608551
EGFR,BRAF,1024979662,1033379492,-0.7342013763743501,-0.05203753167511424,-0.4092464768578173,1,2,2,0.9494587503608551
EGFR,BRAF,1024979662,1033379562,-0.2009210998429936,-0.05203753167511424,-0.28152570775439645,1,2,2,0.9494587503608551
EGFR,BRAF,1024979662,1033379490,-0.5814722670418918,-0.05203753167511424,-0.1764766090431561,1,2,2,0.9494587503608551
EGFR,BRAF,1024979662,1033390638,-1.57508898686514,-0.05203753167511424,-1.0373317379027966,1,2,2,0.9494587503608551
BRAF,ERBB2,1033379492,1147332747,-1.506159198151601,-0.4092464768578173,0.4224830642074471,1,2,2,0.9494587503608551
BRAF,ERBB2,1033379562,1147332747,-1.698584401677652,-0.28152570775439645,0.4224830642074471,1,2,2,0.9494587503608551
BRAF,ERBB2,1033379490,1147332747,-0.7890410560524369,-0.1764766090431561,0.4224830642074471,1,2,2,0.9494587503608551
BRAF,ERBB2,1033390638,1147332747,-1.770916749922167,-1.0373317379027966,0.4224830642074471,1,2,2,0.9494587503608551
BRAF,ERBB2,1033379492,1147333124,-0.5452201168822796,-0.4092464768578173,0.1941199876238797,1,2,2,0.9494587503608551
BRAF,ERBB2,1033379562,1147333124,-0.6980700406050709,-0.28152570775439645,0.1941199876238797,1,2,2,0.9494587503608551
BRAF,ERBB2,1033379490,1147333124,-0.8132133124654978,-0.1764766090431561,0.1941199876238797,1,2,2,0.9494587503608551
BRAF,ERBB2,1033390638,1147333124,-1.952142277953387,-1.0373317379027966,0.1941199876238797,1,2,2,0.9494587503608551
BRAF,ERBB2,1033379492,1147332907,-1.515785879150654,-0.4092464768578173,0.3809126051030257,1,2,2,0.9494587503608551
BRAF,ERBB2,1033379562,1147332907,-1.315553897373645,-0.28152570775439645,0.3809126051030257,1,2,2,0.9494587503608551
BRAF,ERBB2,1033379490,1147332907,-1.292246392770292,-0.1764766090431561,0.3809126051030257,1,2,2,0.9494587503608551
BRAF,ERBB2,1033390638,1147332907,-2.111290601983277,-1.0373317379027966,0.3809126051030257,1,2,2,0.9494587503608551
BRAF,ERBB2,1033379492,1147332732,-1.364355277782308,-0.4092464768578173,-0.018571067913629315,1,2,2,0.9494587503608551
BRAF,ERBB2,1033379562,1147332732,-1.599143231156064,-0.28152570775439645,-0.018571067913629315,1,2,2,0.9494587503608551
BRAF,ERBB2,1033379490,1147332732,-1.308421601229235,-0.1764766090431561,-0.018571067913629315,1,2,2,0.9494587503608551
BRAF,ERBB2,1033390638,1147332732,-2.289606815692252,-1.0373317379027966,-0.018571067913629315,1,2,2,0.9494587503608551
MAP2K1,MAP2K2,1128285684,1161407654,-1.220243479057007,-0.19275515311419839,0.5181551370738514,1,2,2,0.9494587503608551
MAP2K1,MAP2K2,1128285684,1161407191,-0.5988136470355842,-0.19275515311419839,0.5854735255105836,1,2,2,0.9494587503608551
MAP2K1,MAP2K2,1128285684,1161411022,-1.081792624218252,-0.19275515311419839,0.7276326065694114,1,2,2,0.9494587503608551
MAP2K1,MAP2K2,1128285684,1161408011,-0.6206881780722476,-0.19275515311419839,0.7916590615941684,1,2,2,0.9494587503608551
MAP2K1,MAP2K2,1128285899,1161407654,-0.05507338450654323,0.12999615939007006,0.5181551370738514,1,2,2,0.9494587503608551
MAP2K1,MAP2K2,1128285899,1161407191,-1.691125566097888,0.12999615939007006,0.5854735255105836,1,2,2,0.9494587503608551
MAP2K1,MAP2K2,1128285899,1161411022,-1.419748810770285,0.12999615939007006,0.7276326065694114,1,2,2,0.9494587503608551
MAP2K1,MAP2K2,1128285899,1161408011,-2.108862095158105,0.12999615939007006,0.7916590615941684,1,2,2,0.9494587503608551
MAP2K1,MAP2K2,1128285887,1161407654,0.8862499325978108,-0.4672143426067418,0.5181551370738514,1,2,2,0.9494587503608551
MAP2K1,MAP2K2,1128285887,1161407191,0.9266322303504477,-0.4672143426067418,0.5854735255105836,1,2,2,0.9494587503608551
MAP2K1,MAP2K2,1128285887,1161411022,0.7481122049902722,-0.4672143426067418,0.7276326065694114,1,2,2,0.9494587503608551
MAP2K1,MAP2K2,1128285887,1161408011,1.254132445847925,-0.4672143426067418,0.7916590615941684,1,2,2,0.9494587503608551
MAP2K1,MAP2K2,1128291502,1161407654,-1.92768355708433,-0.24320821767783823,0.5181551370738514,1,2,2,0.9494587503608551
MAP2K1,MAP2K2,1128291502,1161407191,-2.075393920682203,-0.24320821767783823,0.5854735255105836,1,2,2,0.9494587503608551
MAP2K1,MAP2K2,1128291502,1161411022,-1.81561889814476,-0.24320821767783823,0.7276326065694114,1,2,2,0.9494587503608551
MAP2K1,MAP2K2,1128291502,1161408011,-2.431973092405856,-0.24320821767783823,0.7916590615941684,1,2,2,0.9494587503608551
PRMT5,PRMT1,1114465942,1167472591,-3.212073094596994,-2.300721650167544,-2.4040344650121277,1,2,2,0.9494587503608551
PRMT5,PRMT1,1114465989,1167472591,-3.278264880935673,-1.601288020792619,-2.4040344650121277,1,2,2,0.9494587503608551
PRMT5,PRMT1,1114466734,1167472591,-3.303101807472018,-0.8632976965339071,-2.4040344650121277,1,2,2,0.9494587503608551
PRMT5,PRMT1,1114466155,1167472591,-3.467494253263202,-1.729949299637241,-2.4040344650121277,1,2,2,0.9494587503608551
PRMT5,PRMT1,1114465942,1167472594,-2.218393600654586,-2.300721650167544,-1.341391452050201,1,2,2,0.9494587503608551
PRMT5,PRMT1,1114465989,1167472594,-2.897218064760442,-1.601288020792619,-1.341391452050201,1,2,2,0.9494587503608551
PRMT5,PRMT1,1114466734,1167472594,-2.450327951595879,-0.8632976965339071,-1.341391452050201,1,2,2,0.9494587503608551
PRMT5,PRMT1,1114466155,1167472594,-2.373825901759661,-1.729949299637241,-1.341391452050201,1,2,2,0.9494587503608551
PRMT5,PRMT1,1114465942,1167472269,-2.84044665222245,-2.300721650167544,-2.2451664752890554,1,2,2,0.9494587503608551
PRMT5,PRMT1,1114465989,1167472269,-2.994974127014338,-1.601288020792619,-2.2451664752890554,1,2,2,0.9494587503608551
PRMT5,PRMT1,1114466734,1167472269,-2.040798258625423,-0.8632976965339071,-2.2451664752890554,1,2,2,0.9494587503608551
PRMT5,PRMT1,1114466155,1167472269,-3.190712671575863,-1.729949299637241,-2.2451664752890554,1,2,2,0.9494587503608551
PRMT5,PRMT1,1114465942,1167472257,-2.275485187085543,-2.300721650167544,-1.7974386777679054,1,2,2,0.9494587503608551
PRMT5,PRMT1,1114465989,1167472257,-2.07945918887757,-1.601288020792619,-1.7974386777679054,1,2,2,0.9494587503608551
PRMT5,PRMT1,1114466734,1167472257,-2.425960290262795,-0.8632976965339071,-1.7974386777679054,1,2,2,0.9494587503608551
PRMT5,PRMT1,1114466155,1167472257,-2.304949814872195,-1.729949299637241,-1.7974386777679054,1,2,2,0.9494587503608551
TRPS1,SIRPB1,1046542498,1168925904,0.67446066485463,0.9512182668976921,0.7337109032185272,2,2,2,0.9494587503608551
TRPS1,SIRPB1,1046542458,1168924961,0.1869462012592203,0.27644081289948735,0.6600699812957915,2,2,2,0.9494587503608551
AARD,ZNF572,1046659937,1047452336,-0.03644322262457724,0.5179011311496946,0.17207714452876707,2,2,2,0.9494587503608551
AARD,ZNF572,1046659960,1047452390,0.8146449444292898,1.175793045338584,0.49630849713948794,2,2,2,0.9494587503608551
FAM135B,PTP4A3,1048807097,1049220563,-0.1224374143257511,0.35164862408898107,0.32505475048506344,2,2,2,0.9494587503608551
FAM135B,PTP4A3,1048796221,1049220558,-0.33506219324702363,0.07522845418892699,0.9271362087647057,2,2,2,0.9494587503608551
SNTB1,FBXO32,1047024526,1047291204,-0.37657795821735585,-0.01715423969548428,0.9872940929144058,2,2,2,0.9494587503608551
SNTB1,FBXO32,1047013138,1047291201,0.4413051766862821,0.5632375605945276,0.6149842558757963,2,2,1,0.9494587503608551
FER1L6,SLC45A4,1047344859,1049180344,0.6810207657790166,0.8455997553861934,0.8760048926369624,2,2,2,0.9494587503608551
FER1L6,SLC45A4,1047346652,1049180275,-0.05001961768178495,-0.03560611870568134,0.6572861355824711,2,2,2,0.9494587503608551
SLC30A8,GPR20,1046679532,1049204506,0.2670469577710868,-0.0204967320946408,0.38918605523322414,2,2,2,0.9494587503608551
SLC30A8,GPR20,1046679961,1049204546,0.5712649352216526,0.4711814501126616,0.25645486574942866,2,2,2,0.9494587503608551
GSDMC,SLA,1047935688,1048272235,0.0820242175886437,1.0026074422747888,0.6297008387164281,2,2,2,0.9494587503608551
GSDMC,SLA,1047934723,1048273089,-0.19262549603629164,0.04404535343881952,0.46686984992109914,2,2,2,0.9494587503608551
SAMD12,HAS2,1046802114,1047096208,0.15363511689773393,0.13333927307379342,1.0459528337391302,2,2,2,0.9494587503608551
SAMD12,HAS2,1046815638,1047096197,-0.637475526667691,0.27289969432597594,0.12587537217436814,2,2,2,0.9494587503608551
RNF139,HHLA1,1047394797,1048167884,-0.7946205469092125,-0.32359964079969145,-0.38715864120175014,2,2,2,0.9494587503608551
RNF139,HHLA1,1047394762,1048169055,-0.08901318386048569,0.6148764737425678,0.3237796087692306,2,2,2,0.9494587503608551
RAD21,KCNK9,1046652599,1048980850,-1.8985720633448482,-0.7431259128022416,-0.07967442237463493,2,2,2,0.9494587503608551
RAD21,KCNK9,1046652881,1048980833,-1.9289668631004635,-1.0658520206816815,0.07425662096902463,2,2,2,0.9494587503608551
KCNQ3,PTK2,1048178032,1049117542,-1.153262410539813,-0.2595164697465658,-0.4240078005540546,2,2,2,0.9494587503608551
KCNQ3,PTK2,1048179774,1049113811,-1.1400061092578095,0.30465150684931497,-0.4283758693381565,2,2,2,0.9494587503608551
ST3GAL1,KHDRBS3,1048331816,1048561957,-0.6138048790343982,0.06099867028772664,0.16115563701407185,2,2,2,0.9494587503608551
ST3GAL1,KHDRBS3,1048331802,1048562575,-0.27980578828675845,-0.08534644820048926,0.22798597763784617,2,2,2,0.9494587503608551
KLHL38,POU5F1B,1047305865,1047697268,-0.9909591808151035,-0.10010687008842134,0.09773287986994206,2,2,2,0.9494587503608551
KLHL38,POU5F1B,1047305875,1047697293,0.4736425177005524,0.1770489752444824,0.4281349497926744,2,2,2,0.9494587503608551
LRRC6,PHF20L1,1048230263,1048246195,0.3267807795514439,0.2489953748789704,0.641457944853006,2,2,2,0.9494587503608551
LRRC6,PHF20L1,1048232947,1048244445,0.4102430741965513,0.7712331892856132,1.017853337472785,2,2,2,0.9494587503608551
MAL2,OC90,1046871352,1048163484,-0.804841543701897,-0.3800477866487768,0.3417101108568465,2,2,2,0.9494587503608551
MAL2,OC90,1046872754,1048163491,-0.18787354739632342,0.4704999249714763,0.1512043714892645,2,2,2,0.9494587503608551
MED30,NSMCE2,1046712050,1047488806,-2.8645418231626643,-3.2436771287656287,0.2008457754212746,2,8,2,0.9494587503608551
MED30,NSMCE2,1046712047,1047469191,-2.854495925774123,-2.687768985865268,0.06556640111696291,2,8,2,0.9494587503608551
FAM91A1,NDUFB9,1047320367,1047400134,-0.7370275853104085,0.46525952222785294,-0.5787060476269199,2,2,2,0.9494587503608551
FAM91A1,NDUFB9,1047321232,1047400605,-0.8750518171737409,0.8166231613657592,-0.48643042370045164,2,2,2,0.9494587503608551
MRPL13,NDRG1,1046988818,1048301817,0.03250669571456216,0.7942993846830742,0.6929638057954777,2,2,2,0.9494587503608551
MRPL13,NDRG1,1046989301,1048302531,-0.26574259699908603,0.6770824030318852,0.3925731349540297,2,2,2,0.9494587503608551
FAM83A,SQLE,1047252909,1047454914,-0.4805751465164673,0.32152070147755785,-0.017674939991052088,2,2,2,0.9494587503608551
FAM83A,SQLE,1047251187,1047455288,-0.10257351065477877,0.330076670108073,0.39234206649576986,2,2,2,0.9494587503608551
ENPP2,TAF2,1046910339,1046922450,-1.367526824052246,0.2075314303147625,-0.7766773198871112,2,2,2,0.9494587503608551
ENPP2,TAF2,1046908566,1046926523,-1.534470969373666,-0.30461297847347374,-0.4811159393963464,2,2,2,0.9494587503608551
ADCY8,AGO2,1048064302,1049097396,0.370976089631864,0.4614041019935968,0.569799116057528,2,2,2,0.9494587503608551
ADCY8,AGO2,1048072710,1049098440,-0.5137090878506406,0.15889955353173715,-0.20201199673419454,2,2,2,0.9494587503608551
ANXA13,TRMT12,1047311830,1047390973,-0.1329911505312708,0.37241194945370687,-0.1370192003669336,2,2,2,0.9494587503608551
ANXA13,TRMT12,1047312289,1047391038,0.049663005837031565,0.4335082639139011,0.09678805062935693,2,2,2,0.9494587503608551
ZHX2,ASAP1,1047225472,1047978197,0.037605504561585845,0.28353604144312833,0.3428230591744341,2,2,2,0.9494587503608551
ZHX2,ASAP1,1047225439,1047984070,-0.3303100221316801,0.2728635052418791,0.345516599679337,2,2,2,0.9494587503608551
ZHX1,ATAD2,1047260532,1047270069,-0.1553165739871577,-0.21695768766700013,-0.6678624425110283,2,2,2,0.9494587503608551
ZHX1,ATAD2,1047260519,1047274616,-0.35489891779621174,0.25067569058594913,0.0318543150098659,2,2,2,0.9494587503608551
C8orf76,ZFAT,1047258821,1048459417,0.17052242788220065,-0.0296770841545578,1.1880220658398677,2,1,2,0.9494587503608551
C8orf76,ZFAT,1047258100,1048458841,0.3094092572699426,0.46758950557092044,0.9451745626099901,2,2,2,0.9494587503608551
WDYHV1,CHRAC1,1047279947,1049090676,-0.9869695837873663,-0.07796831244194649,-0.2285409513831419,2,2,2,0.9494587503608551
WDYHV1,CHRAC1,1047279944,1049090700,-0.0979426544592166,0.2722411096496833,-0.026521501938684952,2,2,2,0.9494587503608551
COL14A1,WASHC5,1046970364,1047461267,-0.43023134167416005,0.4051602782433378,0.457094787162139,2,2,2,0.9494587503608551
COL14A1,WASHC5,1046973414,1047462096,-0.11040502797574056,0.02393191355658004,0.03664522226029261,2,2,2,0.9494587503608551
UTP23,COL22A1,1046644161,1048881884,-1.84517847239854,-1.6410366079558276,0.7944496428956269,2,2,2,0.9494587503608551
UTP23,COL22A1,1046644180,1048881821,-1.012574465875942,-1.224382093436615,-0.04241947022212046,2,2,2,0.9494587503608551
COLEC10,TRIB1,1046858817,1047499554,-0.5359520418520696,0.36068136307389675,-0.3904647270647702,2,2,2,0.9494587503608551
COLEC10,TRIB1,1046858822,1047500060,-0.7202076762185852,0.4020484484170758,-0.9031802673201337,2,2,2,0.9494587503608551
TATDN1,DENND3,1047396460,1049172146,-0.6225520113758742,-0.24803418561307122,-0.3095151859004644,2,2,2,0.9494587503608551
TATDN1,DENND3,1047397556,1049171673,-0.5287737311607603,-0.19362367720201584,0.1556685128765623,2,2,2,0.9494587503608551
DEPTOR,TRAPPC9,1046948919,1049076117,-0.22845351720371423,0.3791614878369485,-0.030137546504728108,2,2,2,0.9494587503608551
DEPTOR,TRAPPC9,1046944909,1049082024,-0.8963657567076269,0.19704034213407018,-0.6094269486417072,2,2,2,0.9494587503608551
TNFRSF11B,DERL1,1046847354,1047235931,-0.8184990743998186,-0.13133849963016975,-0.2924718449875066,2,2,2,0.9494587503608551
TNFRSF11B,DERL1,1046847365,1047233872,-0.6319299637717906,0.1741562510045912,0.001957332116890871,2,2,2,0.9494587503608551
DSCC1,TMEM71,1046932194,1048242011,0.16532052577086215,0.5203523275890946,0.5800437865756725,2,2,2,0.9494587503608551
DSCC1,TMEM71,1046932498,1048241996,-1.0106475598239564,-0.26590632648706203,-0.13174092464853793,2,2,2,0.9494587503608551
TMEM65,EFR3A,1047381832,1048157193,-0.893939513553691,0.031524652977033496,-0.2864599723010204,2,2,2,0.9494587503608551
TMEM65,EFR3A,1047381823,1048157201,-1.6627921232973324,0.012069254148530245,-1.0513749476756906,2,2,2,0.9494587503608551
EIF3H,TG,1046634509,1048253663,-0.8810050786851881,-0.5366912156072224,0.1260369088665723,2,7,1,0.9494587503608551
EIF3H,TG,1046634505,1048256165,-0.6225603902110466,-0.18802550398560117,0.2860266723794449,2,8,2,0.9494587503608551
EXT1,TBC1D31,1046770208,1047241515,-0.5678538870698695,0.07377055486495544,0.6233279801990957,2,2,2,0.9494587503608551
EXT1,TBC1D31,1046770185,1047242206,-0.3937977166883391,-0.04604161308253136,0.3460116825348163,2,2,2,0.9494587503608551
MTBP,MYC,1046990361,1047732517,-2.1042476822143703,0.21997780374951859,-2.552391926749561,2,2,4,0.9494587503608551
MTBP,MYC,1046990818,1047732605,-2.394735790476086,-0.4954456334171624,-2.057422317172284,2,2,4,0.9494587503608551
MTSS1,MTSS1,1047403166,1047403624,-0.5846603658892162,-0.0480356049341335,-0.2494090206954333,2,2,2,0.9494587503608551
